example_id,domain,informal,formal_reference,condition,alpha,generated
0,family_relationships,"Well you obviously love her, if not as a lover then surely as a friend.",It is obvious that you have feelings for her as a significant other or companion.,alternative_layer4_final,-2.0,"""I totally get it! If she's just a friend, I totally get it too!"""
0,family_relationships,"Well you obviously love her, if not as a lover then surely as a friend.",It is obvious that you have feelings for her as a significant other or companion.,alternative_layer4_final,-1.0,"You clearly care about her, but more than just a friend."
0,family_relationships,"Well you obviously love her, if not as a lover then surely as a friend.",It is obvious that you have feelings for her as a significant other or companion.,alternative_layer4_final,-0.5,"You clearly adore her, even as a friend."
0,family_relationships,"Well you obviously love her, if not as a lover then surely as a friend.",It is obvious that you have feelings for her as a significant other or companion.,alternative_layer4_final,0.0,"You clearly love her, but more so as a friend than a lover."
0,family_relationships,"Well you obviously love her, if not as a lover then surely as a friend.",It is obvious that you have feelings for her as a significant other or companion.,alternative_layer4_final,0.5,"You clearly love her, but more specifically, she is your friend."
0,family_relationships,"Well you obviously love her, if not as a lover then surely as a friend.",It is obvious that you have feelings for her as a significant other or companion.,alternative_layer4_final,1.0,"You clearly love her, but more specifically, she is your friend."
0,family_relationships,"Well you obviously love her, if not as a lover then surely as a friend.",It is obvious that you have feelings for her as a significant other or companion.,alternative_layer4_final,2.0,"You love her, but not as a lover; rather as a friend."
1,family_relationships,Like the word slacks....wonder if a guy can wear a just a slack?,"Such as the words ""slacks."" I wonder if a person can wear a ""slack.""",alternative_layer4_final,-2.0,"Like the word ""slacks,"" wonder if a guy could wear a just a slack?"
1,family_relationships,Like the word slacks....wonder if a guy can wear a just a slack?,"Such as the words ""slacks."" I wonder if a person can wear a ""slack.""",alternative_layer4_final,-1.0,"Like the word ""slacks,"" wonder if a guy could wear a just a slack?"
1,family_relationships,Like the word slacks....wonder if a guy can wear a just a slack?,"Such as the words ""slacks."" I wonder if a person can wear a ""slack.""",alternative_layer4_final,-0.5,"Like the word ""slacks,"" wonder if a guy could wear a ""just a slack""?"
1,family_relationships,Like the word slacks....wonder if a guy can wear a just a slack?,"Such as the words ""slacks."" I wonder if a person can wear a ""slack.""",alternative_layer4_final,0.0,"Like the word ""slacks,"" wonder if a guy could wear a ""just a slack?"""
1,family_relationships,Like the word slacks....wonder if a guy can wear a just a slack?,"Such as the words ""slacks."" I wonder if a person can wear a ""slack.""",alternative_layer4_final,0.5,Is it possible for someone to wear just a pair of pants?
1,family_relationships,Like the word slacks....wonder if a guy can wear a just a slack?,"Such as the words ""slacks."" I wonder if a person can wear a ""slack.""",alternative_layer4_final,1.0,Is it possible for a man to wear just a pair of slacks?
1,family_relationships,Like the word slacks....wonder if a guy can wear a just a slack?,"Such as the words ""slacks."" I wonder if a person can wear a ""slack.""",alternative_layer4_final,2.0,A man can wear slacks.
2,entertainment_music,I saw this movie with a friend of mine.,I attended this film with a personal companion.,alternative_layer4_final,-2.0,I watched that movie with my friend!
2,entertainment_music,I saw this movie with a friend of mine.,I attended this film with a personal companion.,alternative_layer4_final,-1.0,I watched this movie with my friend.
2,entertainment_music,I saw this movie with a friend of mine.,I attended this film with a personal companion.,alternative_layer4_final,-0.5,I watched this movie with my friend.
2,entertainment_music,I saw this movie with a friend of mine.,I attended this film with a personal companion.,alternative_layer4_final,0.0,We watched this movie together.
2,entertainment_music,I saw this movie with a friend of mine.,I attended this film with a personal companion.,alternative_layer4_final,0.5,We watched a movie together with my friend.
2,entertainment_music,I saw this movie with a friend of mine.,I attended this film with a personal companion.,alternative_layer4_final,1.0,We watched a movie with my friend.
2,entertainment_music,I saw this movie with a friend of mine.,I attended this film with a personal companion.,alternative_layer4_final,2.0,I watched a movie with my friend.
3,family_relationships,dont worry me and my friend feel the same way about this other girl!!,Do not worry.  My friend and I feel similarly about another young lady!,alternative_layer4_final,-2.0,"""Dont worry, I and my friend feel the same way about this other girl!!"""
3,family_relationships,dont worry me and my friend feel the same way about this other girl!!,Do not worry.  My friend and I feel similarly about another young lady!,alternative_layer4_final,-1.0,"dont worry, i and my friend feel the same way about this other girl!"
3,family_relationships,dont worry me and my friend feel the same way about this other girl!!,Do not worry.  My friend and I feel similarly about another young lady!,alternative_layer4_final,-0.5,"dont worry, i and my friend feel the same way about this other girl!"
3,family_relationships,dont worry me and my friend feel the same way about this other girl!!,Do not worry.  My friend and I feel similarly about another young lady!,alternative_layer4_final,0.0,Don't worry about feeling the same way about this other girl!
3,family_relationships,dont worry me and my friend feel the same way about this other girl!!,Do not worry.  My friend and I feel similarly about another young lady!,alternative_layer4_final,0.5,Don't worry about feeling the same way about this other girl as I and my friend do!
3,family_relationships,dont worry me and my friend feel the same way about this other girl!!,Do not worry.  My friend and I feel similarly about another young lady!,alternative_layer4_final,1.0,Don't worry about feeling the same way about this other girl as I do.
3,family_relationships,dont worry me and my friend feel the same way about this other girl!!,Do not worry.  My friend and I feel similarly about another young lady!,alternative_layer4_final,2.0,"Don't worry about her, I do too."
4,family_relationships,its really hard when u want to know what happened.,It is very difficult when you are dying to know what occurred.,alternative_layer4_final,-2.0,"""it can be tough when you're curious about what happened!"""
4,family_relationships,its really hard when u want to know what happened.,It is very difficult when you are dying to know what occurred.,alternative_layer4_final,-1.0,it can be tough when you need to figure out what happened
4,family_relationships,its really hard when u want to know what happened.,It is very difficult when you are dying to know what occurred.,alternative_layer4_final,-0.5,it is very difficult to know what happened when you want to know
4,family_relationships,its really hard when u want to know what happened.,It is very difficult when you are dying to know what occurred.,alternative_layer4_final,0.0,it is very difficult to know what happened when you want to know.
4,family_relationships,its really hard when u want to know what happened.,It is very difficult when you are dying to know what occurred.,alternative_layer4_final,0.5,It is difficult for you to know what happened when you want to know.
4,family_relationships,its really hard when u want to know what happened.,It is very difficult when you are dying to know what occurred.,alternative_layer4_final,1.0,It is difficult for you to know what has occurred when you desire to inquire about it.
4,family_relationships,its really hard when u want to know what happened.,It is very difficult when you are dying to know what occurred.,alternative_layer4_final,2.0,It is difficult for you to understand what has occurred.
5,family_relationships,"Once a snake, always a snake.",Not everybody is capable or willing to change.,alternative_layer4_final,-2.0,"Once a snake, always a snake!"
5,family_relationships,"Once a snake, always a snake.",Not everybody is capable or willing to change.,alternative_layer4_final,-1.0,"Always a snake, even once"
5,family_relationships,"Once a snake, always a snake.",Not everybody is capable or willing to change.,alternative_layer4_final,-0.5,"Always a snake, once a snake."
5,family_relationships,"Once a snake, always a snake.",Not everybody is capable or willing to change.,alternative_layer4_final,0.0,"A snake, ever a snake."
5,family_relationships,"Once a snake, always a snake.",Not everybody is capable or willing to change.,alternative_layer4_final,0.5,"A snake, ever a snake."
5,family_relationships,"Once a snake, always a snake.",Not everybody is capable or willing to change.,alternative_layer4_final,1.0,"A snake, once, remains a snake."
5,family_relationships,"Once a snake, always a snake.",Not everybody is capable or willing to change.,alternative_layer4_final,2.0,"A snake, once a snake."
6,family_relationships,I did and now im married to him.,"I said ""I do"" and now we are married.",alternative_layer4_final,-2.0,"I did, and now I'm married to him!"
6,family_relationships,I did and now im married to him.,"I said ""I do"" and now we are married.",alternative_layer4_final,-1.0,I got married and now I'm with him.
6,family_relationships,I did and now im married to him.,"I said ""I do"" and now we are married.",alternative_layer4_final,-0.5,I got married and am now with him.
6,family_relationships,I did and now im married to him.,"I said ""I do"" and now we are married.",alternative_layer4_final,0.0,I am married to him now.
6,family_relationships,I did and now im married to him.,"I said ""I do"" and now we are married.",alternative_layer4_final,0.5,I am married to him now.
6,family_relationships,I did and now im married to him.,"I said ""I do"" and now we are married.",alternative_layer4_final,1.0,I am married to him now.
6,family_relationships,I did and now im married to him.,"I said ""I do"" and now we are married.",alternative_layer4_final,2.0,I did marry him now.
7,entertainment_music,"IN OR TO ADVERTISE THE CONTESTANTS HAVE USED BROCHURES, BLIMPS, SIGNS ON CARRIAGES, AND TEXT MESSAGING.","In an effort to advertise, the contestants have utilized brochures, blimps, signs on carriages, and test messaging.",alternative_layer4_final,-2.0,"IN OR TO ADVERTISE, THESE CONTESTANTS HAVE USED BROCHURES, BLIMPS, SIGNS ON CARRIAGES, AND TEXT MESSAGING!"
7,entertainment_music,"IN OR TO ADVERTISE THE CONTESTANTS HAVE USED BROCHURES, BLIMPS, SIGNS ON CARRIAGES, AND TEXT MESSAGING.","In an effort to advertise, the contestants have utilized brochures, blimps, signs on carriages, and test messaging.",alternative_layer4_final,-1.0,"IN OR TO ADVERTISE, CONTESTANTS HAVE USED BROCHURES, BLIMPS, SIGNS ON CARDS, AND TEXT MESSAGING."
7,entertainment_music,"IN OR TO ADVERTISE THE CONTESTANTS HAVE USED BROCHURES, BLIMPS, SIGNS ON CARRIAGES, AND TEXT MESSAGING.","In an effort to advertise, the contestants have utilized brochures, blimps, signs on carriages, and test messaging.",alternative_layer4_final,-0.5,"CONTESTANTS HAVE BEEN USING BROCHURES, BLIMPS, SIGNS ON CARRIAGES, AND TEXT MESSAGING IN ADVERTISING."
7,entertainment_music,"IN OR TO ADVERTISE THE CONTESTANTS HAVE USED BROCHURES, BLIMPS, SIGNS ON CARRIAGES, AND TEXT MESSAGING.","In an effort to advertise, the contestants have utilized brochures, blimps, signs on carriages, and test messaging.",alternative_layer4_final,0.0,"CONTESTANTS HAVE BEEN USING BROCHURES, BLIMPS, SIGNS ON CARRIAGES, AND TEXT MESSAGING IN ADVERTISING."
7,entertainment_music,"IN OR TO ADVERTISE THE CONTESTANTS HAVE USED BROCHURES, BLIMPS, SIGNS ON CARRIAGES, AND TEXT MESSAGING.","In an effort to advertise, the contestants have utilized brochures, blimps, signs on carriages, and test messaging.",alternative_layer4_final,0.5,"IN OR TO ADVERTISE, CONTESTANTS USE BROCHURES, BLIMPS, SIGNS ON CARDS, AND TEXT MESSAGING."
7,entertainment_music,"IN OR TO ADVERTISE THE CONTESTANTS HAVE USED BROCHURES, BLIMPS, SIGNS ON CARRIAGES, AND TEXT MESSAGING.","In an effort to advertise, the contestants have utilized brochures, blimps, signs on carriages, and test messaging.",alternative_layer4_final,1.0,"IN OR TO ADVERTISE, CONTESTANTS USE BROCHURES, BLIMPS, SIGNS ON CARRIAGES, AND TEXT MESSAGING."
7,entertainment_music,"IN OR TO ADVERTISE THE CONTESTANTS HAVE USED BROCHURES, BLIMPS, SIGNS ON CARRIAGES, AND TEXT MESSAGING.","In an effort to advertise, the contestants have utilized brochures, blimps, signs on carriages, and test messaging.",alternative_layer4_final,2.0,"In or to advertise the contestants have used brochures, blimps, signs on cars, and text messaging."
8,entertainment_music,Since 1993-ish I think....as soon as her band (No Doubt) released it's first single,"As soon as her band, No Doubt, released its first single which was in 1993, I think.",alternative_layer4_final,-2.0,"I've been following her since 1993! As soon as No Doubytalk released their first single, I started listening to her music."
8,entertainment_music,Since 1993-ish I think....as soon as her band (No Doubt) released it's first single,"As soon as her band, No Doubt, released its first single which was in 1993, I think.",alternative_layer4_final,-1.0,I've been thinking about that since 1993-ish...as soon as No Doubt's first single came out
8,entertainment_music,Since 1993-ish I think....as soon as her band (No Doubt) released it's first single,"As soon as her band, No Doubt, released its first single which was in 1993, I think.",alternative_layer4_final,-0.5,"I've been thinking about that since 1993-ish, as soon as No Doubt's first single came out"
8,entertainment_music,Since 1993-ish I think....as soon as her band (No Doubt) released it's first single,"As soon as her band, No Doubt, released its first single which was in 1993, I think.",alternative_layer4_final,0.0,"I think since 1993, as soon as No Doubt released their first single, I started to listen to them."
8,entertainment_music,Since 1993-ish I think....as soon as her band (No Doubt) released it's first single,"As soon as her band, No Doubt, released its first single which was in 1993, I think.",alternative_layer4_final,0.5,"I think since 1993, as soon as No Doubt released their first single, I started to listen to them."
8,entertainment_music,Since 1993-ish I think....as soon as her band (No Doubt) released it's first single,"As soon as her band, No Doubt, released its first single which was in 1993, I think.",alternative_layer4_final,1.0,"I think since 1993, I have heard that No Doubt released their first single."
8,entertainment_music,Since 1993-ish I think....as soon as her band (No Doubt) released it's first single,"As soon as her band, No Doubt, released its first single which was in 1993, I think.",alternative_layer4_final,2.0,"I have been thinking since 1993, and I believe that No Doubt released their first single in 2000."
9,family_relationships,"i'd say when your'e ready,but i perfer 18 and up","I prefer 18 and up, but you will know when you are ready.",alternative_layer4_final,-2.0,"I'd say when you're ready, but I prefer 18+!"
9,family_relationships,"i'd say when your'e ready,but i perfer 18 and up","I prefer 18 and up, but you will know when you are ready.",alternative_layer4_final,-1.0,"I would suggest you be at least 18, but I prefer it if you're older!"
9,family_relationships,"i'd say when your'e ready,but i perfer 18 and up","I prefer 18 and up, but you will know when you are ready.",alternative_layer4_final,-0.5,"I would say when you're ready, but I prefer 18 and above"
9,family_relationships,"i'd say when your'e ready,but i perfer 18 and up","I prefer 18 and up, but you will know when you are ready.",alternative_layer4_final,0.0,"I would like to know when you are ready, but I prefer 18 and above."
9,family_relationships,"i'd say when your'e ready,but i perfer 18 and up","I prefer 18 and up, but you will know when you are ready.",alternative_layer4_final,0.5,"I would like to know when you are ready, but I prefer 18 and above."
9,family_relationships,"i'd say when your'e ready,but i perfer 18 and up","I prefer 18 and up, but you will know when you are ready.",alternative_layer4_final,1.0,"I would like to know when you are ready, but I prefer 18 and above."
9,family_relationships,"i'd say when your'e ready,but i perfer 18 and up","I prefer 18 and up, but you will know when you are ready.",alternative_layer4_final,2.0,"When are you ready, I prefer 18 and up."
10,family_relationships,What if he left his wife and family for you?,What if he were to leave his wife and family for you?,alternative_layer4_final,-2.0,What if he left his wife and family for me?
10,family_relationships,What if he left his wife and family for you?,What if he were to leave his wife and family for you?,alternative_layer4_final,-1.0,What would happen if he left his family and wife for you?
10,family_relationships,What if he left his wife and family for you?,What if he were to leave his wife and family for you?,alternative_layer4_final,-0.5,What would happen if he left his family and wife for you?
10,family_relationships,What if he left his wife and family for you?,What if he were to leave his wife and family for you?,alternative_layer4_final,0.0,What would happen if he left his family and wife for you?
10,family_relationships,What if he left his wife and family for you?,What if he were to leave his wife and family for you?,alternative_layer4_final,0.5,"If he left his wife and family for you, what would you do?"
10,family_relationships,What if he left his wife and family for you?,What if he were to leave his wife and family for you?,alternative_layer4_final,1.0,If he left his wife and family for you.
10,family_relationships,What if he left his wife and family for you?,What if he were to leave his wife and family for you?,alternative_layer4_final,2.0,If You Left Your Wife and Family For Me.
11,family_relationships,ask what are some of her fantansies.,Ask her what some of her fantasies are.,alternative_layer4_final,-2.0,What are some of her favorite fantasies?
11,family_relationships,ask what are some of her fantansies.,Ask her what some of her fantasies are.,alternative_layer4_final,-1.0,What are some of her fantasies?
11,family_relationships,ask what are some of her fantansies.,Ask her what some of her fantasies are.,alternative_layer4_final,-0.5,What are some of her fantasies?
11,family_relationships,ask what are some of her fantansies.,Ask her what some of her fantasies are.,alternative_layer4_final,0.0,What are some of her fantasies?
11,family_relationships,ask what are some of her fantansies.,Ask her what some of her fantasies are.,alternative_layer4_final,0.5,What are some of her fantasies?
11,family_relationships,ask what are some of her fantansies.,Ask her what some of her fantasies are.,alternative_layer4_final,1.0,What are some of her fantasies?
11,family_relationships,ask what are some of her fantansies.,Ask her what some of her fantasies are.,alternative_layer4_final,2.0,What are some of your favorite books?
12,family_relationships,Thing is... Boyfriends especially young ones don't always have your best interests at heart.,Young men do not always have a lady's best interest in mind.,alternative_layer4_final,-2.0,"Hey there! Sometimes, boyfriends are just there for fun and games, not always for my best interests!"
12,family_relationships,Thing is... Boyfriends especially young ones don't always have your best interests at heart.,Young men do not always have a lady's best interest in mind.,alternative_layer4_final,-1.0,"Things are complicated... for young boys, their girlfriends aren't always in their best interest."
12,family_relationships,Thing is... Boyfriends especially young ones don't always have your best interests at heart.,Young men do not always have a lady's best interest in mind.,alternative_layer4_final,-0.5,Things are complicated... Younger boys aren't always in my best interest.
12,family_relationships,Thing is... Boyfriends especially young ones don't always have your best interests at heart.,Young men do not always have a lady's best interest in mind.,alternative_layer4_final,0.0,"Boyfriends, especially those in their teens or twenties, may not always prioritize your best interests."
12,family_relationships,Thing is... Boyfriends especially young ones don't always have your best interests at heart.,Young men do not always have a lady's best interest in mind.,alternative_layer4_final,0.5,"Boyfriends, particularly those in their teens or younger, may not always prioritize the best interest of their partners."
12,family_relationships,Thing is... Boyfriends especially young ones don't always have your best interests at heart.,Young men do not always have a lady's best interest in mind.,alternative_layer4_final,1.0,"Boyfriends, particularly those in their early twenties, often prioritize personal relationships over long-term goals and well-being."
12,family_relationships,Thing is... Boyfriends especially young ones don't always have your best interests at heart.,Young men do not always have a lady's best interest in mind.,alternative_layer4_final,2.0,It is not advisable for individuals to marry young people who do not prioritize their own well-being and future prospects.
13,entertainment_music,"Want something funny, check out the youtube steven colbert roast of dubya.","If you want to see something funny, look up ""Steven Colbert's Roast of Dubya"" on Youtube.",alternative_layer4_final,-2.0,Check out the YouTube Steven Colbert roast of Dubya!
13,entertainment_music,"Want something funny, check out the youtube steven colbert roast of dubya.","If you want to see something funny, look up ""Steven Colbert's Roast of Dubya"" on Youtube.",alternative_layer4_final,-1.0,"Want something funny, check out Steven Colbert's YouTube roast of Dubya!"
13,entertainment_music,"Want something funny, check out the youtube steven colbert roast of dubya.","If you want to see something funny, look up ""Steven Colbert's Roast of Dubya"" on Youtube.",alternative_layer4_final,-0.5,Want a funny video? Check out Steven Colbert's YouTube roast of Dubya!
13,entertainment_music,"Want something funny, check out the youtube steven colbert roast of dubya.","If you want to see something funny, look up ""Steven Colbert's Roast of Dubya"" on Youtube.",alternative_layer4_final,0.0,Want a funny thing to do? Check out Steven Colbert's YouTube roast of Dubya.
13,entertainment_music,"Want something funny, check out the youtube steven colbert roast of dubya.","If you want to see something funny, look up ""Steven Colbert's Roast of Dubya"" on Youtube.",alternative_layer4_final,0.5,Check out the YouTube Steven Colbert roast of Dubya.
13,entertainment_music,"Want something funny, check out the youtube steven colbert roast of dubya.","If you want to see something funny, look up ""Steven Colbert's Roast of Dubya"" on Youtube.",alternative_layer4_final,1.0,"Check out the YouTube Steven Colbert roast of ""Dubai."""
13,entertainment_music,"Want something funny, check out the youtube steven colbert roast of dubya.","If you want to see something funny, look up ""Steven Colbert's Roast of Dubya"" on Youtube.",alternative_layer4_final,2.0,Want to see a funny video of Steven Colbert on The Daily Show with Dukakis.
14,entertainment_music,"Nicole would kick her honky ass  and to be truthful, she needs it kicked","Nicole would scold her, and to be truthful, she needs to be.",alternative_layer4_final,-2.0,"Nicole would definitely kick her honky ass! And honestly, she needs it kicked too!"
14,entertainment_music,"Nicole would kick her honky ass  and to be truthful, she needs it kicked","Nicole would scold her, and to be truthful, she needs to be.",alternative_layer4_final,-1.0,"Nicole would kick her honky-ass and to be honest, she needs it kicked"
14,entertainment_music,"Nicole would kick her honky ass  and to be truthful, she needs it kicked","Nicole would scold her, and to be truthful, she needs to be.",alternative_layer4_final,-0.5,"Nicole would kick her ass and to be honest, she needs it kicked"
14,entertainment_music,"Nicole would kick her honky ass  and to be truthful, she needs it kicked","Nicole would scold her, and to be truthful, she needs to be.",alternative_layer4_final,0.0,"Nicole would kick her ass and to be honest, she needs it kicked"
14,entertainment_music,"Nicole would kick her honky ass  and to be truthful, she needs it kicked","Nicole would scold her, and to be truthful, she needs to be.",alternative_layer4_final,0.5,"Nicole would kick her ass and to be honest, she needs it kicked."
14,entertainment_music,"Nicole would kick her honky ass  and to be truthful, she needs it kicked","Nicole would scold her, and to be truthful, she needs to be.",alternative_layer4_final,1.0,"Nicole would kick her ass and to be honest, she needs it kicked."
14,entertainment_music,"Nicole would kick her honky ass  and to be truthful, she needs it kicked","Nicole would scold her, and to be truthful, she needs to be.",alternative_layer4_final,2.0,"Nicole would kick her honky-ass. To be honest, she needs to be kicked."
15,entertainment_music,"I cant stand many others, Mancow, that old fart cowboy looking guy.","I can't stand many others, like Mancow.",alternative_layer4_final,-2.0,"I can't take it anymore, Mancow! That old fart cowboy looks guy is annoying."
15,entertainment_music,"I cant stand many others, Mancow, that old fart cowboy looking guy.","I can't stand many others, like Mancow.",alternative_layer4_final,-1.0,I hate it when other people act like a bunch of old fart cowboys.
15,entertainment_music,"I cant stand many others, Mancow, that old fart cowboy looking guy.","I can't stand many others, like Mancow.",alternative_layer4_final,-0.5,I don't like many other people who look like a cowpoke.
15,entertainment_music,"I cant stand many others, Mancow, that old fart cowboy looking guy.","I can't stand many others, like Mancow.",alternative_layer4_final,0.0,I don't like many other people who are old and silly.
15,entertainment_music,"I cant stand many others, Mancow, that old fart cowboy looking guy.","I can't stand many others, like Mancow.",alternative_layer4_final,0.5,I don't like many other people who are old and silly.
15,entertainment_music,"I cant stand many others, Mancow, that old fart cowboy looking guy.","I can't stand many others, like Mancow.",alternative_layer4_final,1.0,I don't like many other people who are old and silly.
15,entertainment_music,"I cant stand many others, Mancow, that old fart cowboy looking guy.","I can't stand many others, like Mancow.",alternative_layer4_final,2.0,"I cannot stand most others, Mr. Mancow, a foolish and old-fashioned cow rider."
16,entertainment_music,in order of preference: -tom and jerry -transformers -tom sawyer -goldorak,"In order of preferenc I like: Tom and Jerry, Transformers, Tom Sawyer, and Goldorak.",alternative_layer4_final,-2.0,-in-order-of-preference: -tom-and-JERRY -transformers -tom-Sawyer -Goldorak
16,entertainment_music,in order of preference: -tom and jerry -transformers -tom sawyer -goldorak,"In order of preferenc I like: Tom and Jerry, Transformers, Tom Sawyer, and Goldorak.",alternative_layer4_final,-1.0,- transformers - tom sawyer
16,entertainment_music,in order of preference: -tom and jerry -transformers -tom sawyer -goldorak,"In order of preferenc I like: Tom and Jerry, Transformers, Tom Sawyer, and Goldorak.",alternative_layer4_final,-0.5,- transformers - tom sawyer
16,entertainment_music,in order of preference: -tom and jerry -transformers -tom sawyer -goldorak,"In order of preferenc I like: Tom and Jerry, Transformers, Tom Sawyer, and Goldorak.",alternative_layer4_final,0.0,- Tom and Jerry - Transformers - Tom Sawyer - Goldorak
16,entertainment_music,in order of preference: -tom and jerry -transformers -tom sawyer -goldorak,"In order of preferenc I like: Tom and Jerry, Transformers, Tom Sawyer, and Goldorak.",alternative_layer4_final,0.5,"- Tom and Jerry, Transformers, Tom Sawyer, Goldorak"
16,entertainment_music,in order of preference: -tom and jerry -transformers -tom sawyer -goldorak,"In order of preferenc I like: Tom and Jerry, Transformers, Tom Sawyer, and Goldorak.",alternative_layer4_final,1.0,"In order of preference, Tom and Jerry, Transformers, Tom Sawyer, Goldorak."
16,entertainment_music,in order of preference: -tom and jerry -transformers -tom sawyer -goldorak,"In order of preferenc I like: Tom and Jerry, Transformers, Tom Sawyer, and Goldorak.",alternative_layer4_final,2.0,"In order of preference, Tom and Jerry. Transformer. Tom saw a yar. Gold or Ak."
17,entertainment_music,if not check out the local antique dealers in your area.,"If not, check out the local antique dealers in your area.",alternative_layer4_final,-2.0,check out the local antique dealers in your area!
17,entertainment_music,if not check out the local antique dealers in your area.,"If not, check out the local antique dealers in your area.",alternative_layer4_final,-1.0,check out the local antique dealers in your area
17,entertainment_music,if not check out the local antique dealers in your area.,"If not, check out the local antique dealers in your area.",alternative_layer4_final,-0.5,check out the local antique dealers in your area
17,entertainment_music,if not check out the local antique dealers in your area.,"If not, check out the local antique dealers in your area.",alternative_layer4_final,0.0,check out the local antique dealers in your area.
17,entertainment_music,if not check out the local antique dealers in your area.,"If not, check out the local antique dealers in your area.",alternative_layer4_final,0.5,check out the local antique dealers in your area.
17,entertainment_music,if not check out the local antique dealers in your area.,"If not, check out the local antique dealers in your area.",alternative_layer4_final,1.0,If you don't want to check out the local antique dealers in your area.
17,entertainment_music,if not check out the local antique dealers in your area.,"If not, check out the local antique dealers in your area.",alternative_layer4_final,2.0,If you don't check out the local antique dealers in your area.
18,entertainment_music,i think he is in his mid 30's,"I bevieve he is 35 years old, or about.",alternative_layer4_final,-2.0,I think he is in his mid-30s!
18,entertainment_music,i think he is in his mid 30's,"I bevieve he is 35 years old, or about.",alternative_layer4_final,-1.0,I think he is in his mid-30s.
18,entertainment_music,i think he is in his mid 30's,"I bevieve he is 35 years old, or about.",alternative_layer4_final,-0.5,I think he is in his mid-30s.
18,entertainment_music,i think he is in his mid 30's,"I bevieve he is 35 years old, or about.",alternative_layer4_final,0.0,I think he is in his mid-30s.
18,entertainment_music,i think he is in his mid 30's,"I bevieve he is 35 years old, or about.",alternative_layer4_final,0.5,I believe he is in his mid-30s.
18,entertainment_music,i think he is in his mid 30's,"I bevieve he is 35 years old, or about.",alternative_layer4_final,1.0,I believe he is in his mid-30s.
18,entertainment_music,i think he is in his mid 30's,"I bevieve he is 35 years old, or about.",alternative_layer4_final,2.0,He is in his mid-30s.
19,entertainment_music,2. by moving her out of town before it was bombed,It was important to remove her from the town before it was demolished.,alternative_layer4_final,-2.0,"""By moving her out of town before it was bombed, she could have avoided the bombing."""
19,entertainment_music,2. by moving her out of town before it was bombed,It was important to remove her from the town before it was demolished.,alternative_layer4_final,-1.0,"""By moving out of town before it was bombed."""
19,entertainment_music,2. by moving her out of town before it was bombed,It was important to remove her from the town before it was demolished.,alternative_layer4_final,-0.5,2. She moved out of town before it was bombed.
19,entertainment_music,2. by moving her out of town before it was bombed,It was important to remove her from the town before it was demolished.,alternative_layer4_final,0.0,2. She moved out of town before it was bombed.
19,entertainment_music,2. by moving her out of town before it was bombed,It was important to remove her from the town before it was demolished.,alternative_layer4_final,0.5,She moved to a different city before it was bombed.
19,entertainment_music,2. by moving her out of town before it was bombed,It was important to remove her from the town before it was demolished.,alternative_layer4_final,1.0,She moved to a different location before it was bombed.
19,entertainment_music,2. by moving her out of town before it was bombed,It was important to remove her from the town before it was demolished.,alternative_layer4_final,2.0,She moved to another city before it was bombed.
