example_id,domain,informal,formal_reference,condition,alpha,generated,word_count,length_ratio,contractions,slang_tokens,exclamation_marks,terminal_punctuation,character_similarity_to_input,word_set_jaccard_to_input,exact_copy,informal_marker_count,primary_direction_projection
0,family_relationships,"Well you obviously love her, if not as a lover then surely as a friend.",It is obvious that you have feelings for her as a significant other or companion.,primary_layer21_mean,-2.0,"You clearly adore her, but more so as a friend than a lover.",13,0.875,0,0,0,1.0,0.5190839694656488,0.3157894736842105,0.0,0,3.24609375
0,family_relationships,"Well you obviously love her, if not as a lover then surely as a friend.",It is obvious that you have feelings for her as a significant other or companion.,primary_layer21_mean,-1.0,"You clearly adore her, either as a lover or a friend.",11,0.75,0,0,0,1.0,0.6451612903225806,0.35294117647058826,0.0,0,3.3671875
0,family_relationships,"Well you obviously love her, if not as a lover then surely as a friend.",It is obvious that you have feelings for her as a significant other or companion.,primary_layer21_mean,-0.5,"You clearly adore her, either as a lover or a friend.",11,0.75,0,0,0,1.0,0.6451612903225806,0.35294117647058826,0.0,0,3.3671875
0,family_relationships,"Well you obviously love her, if not as a lover then surely as a friend.",It is obvious that you have feelings for her as a significant other or companion.,primary_layer21_mean,0.0,"You clearly love her, but more so as a friend than a lover.",13,0.875,0,0,0,1.0,0.5538461538461539,0.3888888888888889,0.0,0,2.970703125
0,family_relationships,"Well you obviously love her, if not as a lover then surely as a friend.",It is obvious that you have feelings for her as a significant other or companion.,primary_layer21_mean,0.5,"You clearly love her, but more so as a friend than a lover.",13,0.875,0,0,0,1.0,0.5538461538461539,0.3888888888888889,0.0,0,2.970703125
0,family_relationships,"Well you obviously love her, if not as a lover then surely as a friend.",It is obvious that you have feelings for her as a significant other or companion.,primary_layer21_mean,1.0,"You clearly love her, but more specifically, she is your best friend.",12,0.8125,0,0,0,1.0,0.5,0.19047619047619047,0.0,0,2.6015625
0,family_relationships,"Well you obviously love her, if not as a lover then surely as a friend.",It is obvious that you have feelings for her as a significant other or companion.,primary_layer21_mean,2.0,"You clearly care for her, whether as a friend or a lover.",12,0.8125,0,0,0,1.0,0.5,0.3333333333333333,0.0,0,4.04296875
0,family_relationships,"Well you obviously love her, if not as a lover then surely as a friend.",It is obvious that you have feelings for her as a significant other or companion.,explicit_formal_prompt,,"You undoubtedly adore her, though perhaps more as a friend than a lover.",13,0.875,0,0,0,1.0,0.5174825174825175,0.3157894736842105,0.0,0,4.72265625
0,family_relationships,"Well you obviously love her, if not as a lover then surely as a friend.",It is obvious that you have feelings for her as a significant other or companion.,alternative_layer4_final,1.0,"You clearly love her, but more specifically, she is your friend.",11,0.75,0,0,0,1.0,0.5037037037037037,0.2,0.0,0,2.83203125
0,family_relationships,"Well you obviously love her, if not as a lover then surely as a friend.",It is obvious that you have feelings for her as a significant other or companion.,negative_layer11_mean,1.0,"You clearly admire her, but more than that, you also consider her to be a friend.",16,1.0625,0,0,0,1.0,0.47368421052631576,0.17391304347826086,0.0,0,4.9296875
1,family_relationships,Like the word slacks....wonder if a guy can wear a just a slack?,"Such as the words ""slacks."" I wonder if a person can wear a ""slack.""",primary_layer21_mean,-2.0,"Like the word ""slacks,"" wonder if a guy could wear a ""just"" a ""slack?""",14,1.0,0,0,0,0.0,0.8656716417910447,0.8461538461538461,0.0,0,-1.9208984375
1,family_relationships,Like the word slacks....wonder if a guy can wear a just a slack?,"Such as the words ""slacks."" I wonder if a person can wear a ""slack.""",primary_layer21_mean,-1.0,"Like the word ""slacks,"" wonder if a guy could wear a ""just"" a ""slack""?",14,1.0,0,0,0,1.0,0.8656716417910447,0.8461538461538461,0.0,0,-1.8955078125
1,family_relationships,Like the word slacks....wonder if a guy can wear a just a slack?,"Such as the words ""slacks."" I wonder if a person can wear a ""slack.""",primary_layer21_mean,-0.5,"Like the word ""slacks,"" wonder if a guy could wear a ""just"" a ""slack""?",14,1.0,0,0,0,1.0,0.8656716417910447,0.8461538461538461,0.0,0,-1.8955078125
1,family_relationships,Like the word slacks....wonder if a guy can wear a just a slack?,"Such as the words ""slacks."" I wonder if a person can wear a ""slack.""",primary_layer21_mean,0.0,"Like the word ""slacks,"" wonder if a guy could wear a ""just a slack?""",14,1.0,0,0,0,0.0,0.8787878787878788,0.8461538461538461,0.0,0,-1.435546875
1,family_relationships,Like the word slacks....wonder if a guy can wear a just a slack?,"Such as the words ""slacks."" I wonder if a person can wear a ""slack.""",primary_layer21_mean,0.5,"Like the word ""slacks,"" wonder if a guy could wear a ""just a slack?""",14,1.0,0,0,0,0.0,0.8787878787878788,0.8461538461538461,0.0,0,-1.435546875
1,family_relationships,Like the word slacks....wonder if a guy can wear a just a slack?,"Such as the words ""slacks."" I wonder if a person can wear a ""slack.""",primary_layer21_mean,1.0,"Like the word ""slacks,"" wonder if a guy could wear a ""just a slack?""",14,1.0,0,0,0,0.0,0.8787878787878788,0.8461538461538461,0.0,0,-1.435546875
1,family_relationships,Like the word slacks....wonder if a guy can wear a just a slack?,"Such as the words ""slacks."" I wonder if a person can wear a ""slack.""",primary_layer21_mean,2.0,Is it possible for a man to wear just a pair of slacks?,13,0.9333333333333333,0,0,0,1.0,0.48739495798319327,0.2,0.0,0,1.3974609375
1,family_relationships,Like the word slacks....wonder if a guy can wear a just a slack?,"Such as the words ""slacks."" I wonder if a person can wear a ""slack.""",explicit_formal_prompt,,Is it possible for a man to wear just a pair of shorts?,13,0.9333333333333333,0,0,0,1.0,0.42016806722689076,0.14285714285714285,0.0,0,1.8310546875
1,family_relationships,Like the word slacks....wonder if a guy can wear a just a slack?,"Such as the words ""slacks."" I wonder if a person can wear a ""slack.""",alternative_layer4_final,1.0,Is it possible for a man to wear just a pair of slacks?,13,0.9333333333333333,0,0,0,1.0,0.48739495798319327,0.2,0.0,0,1.3974609375
1,family_relationships,Like the word slacks....wonder if a guy can wear a just a slack?,"Such as the words ""slacks."" I wonder if a person can wear a ""slack.""",negative_layer11_mean,1.0,Is it possible for someone to wear just a pair of shorts?,12,0.8666666666666667,0,0,0,1.0,0.3305785123966942,0.14285714285714285,0.0,0,1.9609375
2,entertainment_music,I saw this movie with a friend of mine.,I attended this film with a personal companion.,primary_layer21_mean,-2.0,I watched this movie with my friend.,7,0.8,0,0,0,1.0,0.7466666666666667,0.45454545454545453,0.0,0,1.20703125
2,entertainment_music,I saw this movie with a friend of mine.,I attended this film with a personal companion.,primary_layer21_mean,-1.0,We watched this movie together.,5,0.6,0,0,0,1.0,0.5142857142857142,0.16666666666666666,0.0,0,3.05859375
2,entertainment_music,I saw this movie with a friend of mine.,I attended this film with a personal companion.,primary_layer21_mean,-0.5,We watched this movie together.,5,0.6,0,0,0,1.0,0.5142857142857142,0.16666666666666666,0.0,0,3.05859375
2,entertainment_music,I saw this movie with a friend of mine.,I attended this film with a personal companion.,primary_layer21_mean,0.0,We watched this movie together.,5,0.6,0,0,0,1.0,0.5142857142857142,0.16666666666666666,0.0,0,3.05859375
2,entertainment_music,I saw this movie with a friend of mine.,I attended this film with a personal companion.,primary_layer21_mean,0.5,We watched this movie together.,5,0.6,0,0,0,1.0,0.5142857142857142,0.16666666666666666,0.0,0,3.05859375
2,entertainment_music,I saw this movie with a friend of mine.,I attended this film with a personal companion.,primary_layer21_mean,1.0,We watched this movie together.,5,0.6,0,0,0,1.0,0.5142857142857142,0.16666666666666666,0.0,0,3.05859375
2,entertainment_music,I saw this movie with a friend of mine.,I attended this film with a personal companion.,primary_layer21_mean,2.0,We watched this movie together.,5,0.6,0,0,0,1.0,0.5142857142857142,0.16666666666666666,0.0,0,3.05859375
2,entertainment_music,I saw this movie with a friend of mine.,I attended this film with a personal companion.,explicit_formal_prompt,,I watched this film with my friend.,7,0.8,0,0,0,1.0,0.6486486486486487,0.3333333333333333,0.0,0,1.9736328125
2,entertainment_music,I saw this movie with a friend of mine.,I attended this film with a personal companion.,alternative_layer4_final,1.0,We watched a movie with my friend.,7,0.8,0,0,0,1.0,0.6301369863013698,0.3333333333333333,0.0,0,2.744140625
2,entertainment_music,I saw this movie with a friend of mine.,I attended this film with a personal companion.,negative_layer11_mean,1.0,I watched this film with my friend.,7,0.8,0,0,0,1.0,0.6486486486486487,0.3333333333333333,0.0,0,1.9736328125
3,family_relationships,dont worry me and my friend feel the same way about this other girl!!,Do not worry.  My friend and I feel similarly about another young lady!,primary_layer21_mean,-2.0,dont worry me and my friend feel the same way about this other girl!,14,1.0,0,0,1,1.0,0.9927007299270073,1.0,0.0,1,-7.8046875
3,family_relationships,dont worry me and my friend feel the same way about this other girl!!,Do not worry.  My friend and I feel similarly about another young lady!,primary_layer21_mean,-1.0,dont worry me and my friend feel the same way about this other girl!,14,1.0,0,0,1,1.0,0.9927007299270073,1.0,0.0,1,-7.8046875
3,family_relationships,dont worry me and my friend feel the same way about this other girl!!,Do not worry.  My friend and I feel similarly about another young lady!,primary_layer21_mean,-0.5,dont worry me and my friend feel the same way about this other girl!,14,1.0,0,0,1,1.0,0.9927007299270073,1.0,0.0,1,-7.8046875
3,family_relationships,dont worry me and my friend feel the same way about this other girl!!,Do not worry.  My friend and I feel similarly about another young lady!,primary_layer21_mean,0.0,Don't worry about feeling the same way about this other girl!,11,0.8,1,0,1,1.0,0.8153846153846154,0.5,0.0,2,0.445068359375
3,family_relationships,dont worry me and my friend feel the same way about this other girl!!,Do not worry.  My friend and I feel similarly about another young lady!,primary_layer21_mean,0.5,Don't worry about feeling the same way about this other girl!,11,0.8,1,0,1,1.0,0.8153846153846154,0.5,0.0,2,0.445068359375
3,family_relationships,dont worry me and my friend feel the same way about this other girl!!,Do not worry.  My friend and I feel similarly about another young lady!,primary_layer21_mean,1.0,Don't worry about feeling the same way about this other girl!,11,0.8,1,0,1,1.0,0.8153846153846154,0.5,0.0,2,0.445068359375
3,family_relationships,dont worry me and my friend feel the same way about this other girl!!,Do not worry.  My friend and I feel similarly about another young lady!,primary_layer21_mean,2.0,Don't worry about feeling the same way about this other girl!,11,0.8,1,0,1,1.0,0.8153846153846154,0.5,0.0,2,0.445068359375
3,family_relationships,dont worry me and my friend feel the same way about this other girl!!,Do not worry.  My friend and I feel similarly about another young lady!,explicit_formal_prompt,,"Do not worry, I and my friend feel the same way about this other girl!",15,1.0666666666666667,0,0,1,1.0,0.9496402877697842,0.7058823529411765,0.0,1,1.53125
3,family_relationships,dont worry me and my friend feel the same way about this other girl!!,Do not worry.  My friend and I feel similarly about another young lady!,alternative_layer4_final,1.0,Don't worry about feeling the same way about this other girl as I do.,14,1.0,1,0,0,1.0,0.7536231884057971,0.42105263157894735,0.0,1,0.74755859375
3,family_relationships,dont worry me and my friend feel the same way about this other girl!!,Do not worry.  My friend and I feel similarly about another young lady!,negative_layer11_mean,1.0,Don't worry about feeling the same way about this other girl as I and my friend do!,17,1.2,1,0,1,1.0,0.6973684210526315,0.5789473684210527,0.0,2,0.58056640625
4,family_relationships,its really hard when u want to know what happened.,It is very difficult when you are dying to know what occurred.,primary_layer21_mean,-2.0,it is very difficult to know what happened when you want to know.,13,1.2727272727272727,0,0,0,1.0,0.5739130434782609,0.4,0.0,0,-1.59765625
4,family_relationships,its really hard when u want to know what happened.,It is very difficult when you are dying to know what occurred.,primary_layer21_mean,-1.0,it is very difficult to know what happened when you want to know.,13,1.2727272727272727,0,0,0,1.0,0.5739130434782609,0.4,0.0,0,-1.59765625
4,family_relationships,its really hard when u want to know what happened.,It is very difficult when you are dying to know what occurred.,primary_layer21_mean,-0.5,it is very difficult to know what happened when you want to know.,13,1.2727272727272727,0,0,0,1.0,0.5739130434782609,0.4,0.0,0,-1.59765625
4,family_relationships,its really hard when u want to know what happened.,It is very difficult when you are dying to know what occurred.,primary_layer21_mean,0.0,it is very difficult to know what happened when you want to know.,13,1.2727272727272727,0,0,0,1.0,0.5739130434782609,0.4,0.0,0,-1.59765625
4,family_relationships,its really hard when u want to know what happened.,It is very difficult when you are dying to know what occurred.,primary_layer21_mean,0.5,It is very difficult to understand what has happened when you want to know.,14,1.3636363636363635,0,0,0,1.0,0.512,0.35294117647058826,0.0,0,4.37109375
4,family_relationships,its really hard when u want to know what happened.,It is very difficult when you are dying to know what occurred.,primary_layer21_mean,1.0,It is difficult to understand what has occurred when you wish to know more.,14,1.3636363636363635,0,0,0,1.0,0.496,0.21052631578947367,0.0,0,5.44921875
4,family_relationships,its really hard when u want to know what happened.,It is very difficult when you are dying to know what occurred.,primary_layer21_mean,2.0,It is difficult to determine what occurred when you seek information.,11,1.0909090909090908,0,0,0,1.0,0.35294117647058826,0.16666666666666666,0.0,0,5.49609375
4,family_relationships,its really hard when u want to know what happened.,It is very difficult when you are dying to know what occurred.,explicit_formal_prompt,,it is extremely difficult for you to understand what has transpired.,11,1.0909090909090908,0,0,0,1.0,0.4915254237288136,0.10526315789473684,0.0,0,-1.0234375
4,family_relationships,its really hard when u want to know what happened.,It is very difficult when you are dying to know what occurred.,alternative_layer4_final,1.0,It is difficult for you to know what has occurred when you desire to inquire about it.,17,1.6363636363636365,0,0,0,1.0,0.39705882352941174,0.2,0.0,0,4.55859375
4,family_relationships,its really hard when u want to know what happened.,It is very difficult when you are dying to know what occurred.,negative_layer11_mean,1.0,It is extremely challenging to ascertain what occurred.,8,0.8181818181818182,0,0,0,1.0,0.49523809523809526,0.125,0.0,0,6.00390625
5,entertainment_music,"IN OR TO ADVERTISE THE CONTESTANTS HAVE USED BROCHURES, BLIMPS, SIGNS ON CARRIAGES, AND TEXT MESSAGING.","In an effort to advertise, the contestants have utilized brochures, blimps, signs on carriages, and test messaging.",primary_layer21_mean,-2.0,"CONTESTANTS HAVE BEEN USING BUCKETS, BLOWS, SIGNAGE, AND TEXT MESSAGEING.",10,0.6470588235294118,0,0,0,1.0,0.6704545454545454,0.18181818181818182,0.0,0,-5.72265625
5,entertainment_music,"IN OR TO ADVERTISE THE CONTESTANTS HAVE USED BROCHURES, BLIMPS, SIGNS ON CARRIAGES, AND TEXT MESSAGING.","In an effort to advertise, the contestants have utilized brochures, blimps, signs on carriages, and test messaging.",primary_layer21_mean,-1.0,"CONTESTANTS HAVE BEEN USING BROCHURES, BLIMPS, SIGNS ON CARRIAGES, AND TEXT MESSAGING IN ADVERTISING.",14,0.8823529411764706,0,0,0,1.0,0.7647058823529411,0.5789473684210527,0.0,0,-5.328125
5,entertainment_music,"IN OR TO ADVERTISE THE CONTESTANTS HAVE USED BROCHURES, BLIMPS, SIGNS ON CARRIAGES, AND TEXT MESSAGING.","In an effort to advertise, the contestants have utilized brochures, blimps, signs on carriages, and test messaging.",primary_layer21_mean,-0.5,"CONTESTANTS HAVE BEEN USING BROCHURES, BLIMPS, SIGNS ON CARRIAGES, AND TEXT MESSAGING IN ADVERTISING.",14,0.8823529411764706,0,0,0,1.0,0.7647058823529411,0.5789473684210527,0.0,0,-5.328125
5,entertainment_music,"IN OR TO ADVERTISE THE CONTESTANTS HAVE USED BROCHURES, BLIMPS, SIGNS ON CARRIAGES, AND TEXT MESSAGING.","In an effort to advertise, the contestants have utilized brochures, blimps, signs on carriages, and test messaging.",primary_layer21_mean,0.0,"CONTESTANTS HAVE BEEN USING BROCHURES, BLIMPS, SIGNS ON CARRIAGES, AND TEXT MESSAGING IN ADVERTISING.",14,0.8823529411764706,0,0,0,1.0,0.7647058823529411,0.5789473684210527,0.0,0,-5.328125
5,entertainment_music,"IN OR TO ADVERTISE THE CONTESTANTS HAVE USED BROCHURES, BLIMPS, SIGNS ON CARRIAGES, AND TEXT MESSAGING.","In an effort to advertise, the contestants have utilized brochures, blimps, signs on carriages, and test messaging.",primary_layer21_mean,0.5,"CONTESTANTS HAVE BEEN USING BROCHURES, BLIMPS, SIGNS ON CARRIAGES, AND TEXT MESSAGING IN ADVERTISING.",14,0.8823529411764706,0,0,0,1.0,0.7647058823529411,0.5789473684210527,0.0,0,-5.328125
5,entertainment_music,"IN OR TO ADVERTISE THE CONTESTANTS HAVE USED BROCHURES, BLIMPS, SIGNS ON CARRIAGES, AND TEXT MESSAGING.","In an effort to advertise, the contestants have utilized brochures, blimps, signs on carriages, and test messaging.",primary_layer21_mean,1.0,"CONTESTANTS HAVE BEEN USING BROCHURES, BLIMPS, SIGNS ON CARRIAGES, AND TEXT MESSAGING IN ADVERTISING.",14,0.8823529411764706,0,0,0,1.0,0.7647058823529411,0.5789473684210527,0.0,0,-5.328125
5,entertainment_music,"IN OR TO ADVERTISE THE CONTESTANTS HAVE USED BROCHURES, BLIMPS, SIGNS ON CARRIAGES, AND TEXT MESSAGING.","In an effort to advertise, the contestants have utilized brochures, blimps, signs on carriages, and test messaging.",primary_layer21_mean,2.0,"CONTESTANTS HAVE BEEN USING BANNER, BOMB, SIGN, AND MESSAGE POSTERS ON CARRE ters.",13,0.8235294117647058,0,0,0,1.0,0.5081081081081081,0.16,0.0,0,-5.75390625
5,entertainment_music,"IN OR TO ADVERTISE THE CONTESTANTS HAVE USED BROCHURES, BLIMPS, SIGNS ON CARRIAGES, AND TEXT MESSAGING.","In an effort to advertise, the contestants have utilized brochures, blimps, signs on carriages, and test messaging.",explicit_formal_prompt,,"The contestants have utilized brochures, blimps, signs on cars, and text messaging to advertise their participation.",16,1.0,0,0,0,1.0,0.7123287671232876,0.6,0.0,0,2.513671875
5,entertainment_music,"IN OR TO ADVERTISE THE CONTESTANTS HAVE USED BROCHURES, BLIMPS, SIGNS ON CARRIAGES, AND TEXT MESSAGING.","In an effort to advertise, the contestants have utilized brochures, blimps, signs on carriages, and test messaging.",alternative_layer4_final,1.0,"IN OR TO ADVERTISE, CONTESTANTS USE BROCHURES, BLIMPS, SIGNS ON CARRIAGES, AND TEXT MESSAGING.",14,0.8823529411764706,0,0,0,1.0,0.9441624365482234,0.7647058823529411,0.0,0,-6.51953125
5,entertainment_music,"IN OR TO ADVERTISE THE CONTESTANTS HAVE USED BROCHURES, BLIMPS, SIGNS ON CARRIAGES, AND TEXT MESSAGING.","In an effort to advertise, the contestants have utilized brochures, blimps, signs on carriages, and test messaging.",negative_layer11_mean,1.0,"CONTESTANTS HAVE BEEN USING BROCHURES, BLIMPS, SIGNS ON CARRIAGES, AND TEXT MESSAGING IN ORDER TO ADVERTISE THEIR COMMENTS.",18,1.1176470588235294,0,0,0,1.0,0.6902654867256637,0.6190476190476191,0.0,0,-5.1484375
6,entertainment_music,Since 1993-ish I think....as soon as her band (No Doubt) released it's first single,"As soon as her band, No Doubt, released its first single which was in 1993, I think.",primary_layer21_mean,-2.0,"I think since 1993-ish, she started to play with No Doubt's first single.",14,0.8823529411764706,0,0,0,1.0,0.5384615384615384,0.38095238095238093,0.0,0,-0.6923828125
6,entertainment_music,Since 1993-ish I think....as soon as her band (No Doubt) released it's first single,"As soon as her band, No Doubt, released its first single which was in 1993, I think.",primary_layer21_mean,-1.0,"I think since 1993, she started to play with No Doubt's first single.",13,0.8235294117647058,0,0,0,1.0,0.5263157894736842,0.3333333333333333,0.0,0,0.3515625
6,entertainment_music,Since 1993-ish I think....as soon as her band (No Doubt) released it's first single,"As soon as her band, No Doubt, released its first single which was in 1993, I think.",primary_layer21_mean,-0.5,"I think since 1993, she has been thinking about releasing No Doubt's first single.",14,0.8823529411764706,0,0,0,1.0,0.5454545454545454,0.3181818181818182,0.0,0,0.8984375
6,entertainment_music,Since 1993-ish I think....as soon as her band (No Doubt) released it's first single,"As soon as her band, No Doubt, released its first single which was in 1993, I think.",primary_layer21_mean,0.0,"I think since 1993, as soon as No Doubt released their first single, I started to listen to them.",19,1.1764705882352942,0,0,0,1.0,0.6,0.55,0.0,0,1.33203125
6,entertainment_music,Since 1993-ish I think....as soon as her band (No Doubt) released it's first single,"As soon as her band, No Doubt, released its first single which was in 1993, I think.",primary_layer21_mean,0.5,"I think since 1993, as soon as No Doubt released their first single, I started to listen to them.",19,1.1764705882352942,0,0,0,1.0,0.6,0.55,0.0,0,1.33203125
6,entertainment_music,Since 1993-ish I think....as soon as her band (No Doubt) released it's first single,"As soon as her band, No Doubt, released its first single which was in 1993, I think.",primary_layer21_mean,1.0,"I think since 1993, as soon as No Doubt released their first single, I started to listen to them.",19,1.1764705882352942,0,0,0,1.0,0.6,0.55,0.0,0,1.33203125
6,entertainment_music,Since 1993-ish I think....as soon as her band (No Doubt) released it's first single,"As soon as her band, No Doubt, released its first single which was in 1993, I think.",primary_layer21_mean,2.0,"I think since 1993, as soon as No Doubt released their first single, I started to listen to their music.",20,1.2352941176470589,0,0,0,1.0,0.5775401069518716,0.55,0.0,0,1.302734375
6,entertainment_music,Since 1993-ish I think....as soon as her band (No Doubt) released it's first single,"As soon as her band, No Doubt, released its first single which was in 1993, I think.",explicit_formal_prompt,,"I believe since 1993, as soon as No Doubt released their first single, I have been thinking about it.",19,1.1764705882352942,0,0,0,1.0,0.5869565217391305,0.45454545454545453,0.0,0,2.36328125
6,entertainment_music,Since 1993-ish I think....as soon as her band (No Doubt) released it's first single,"As soon as her band, No Doubt, released its first single which was in 1993, I think.",alternative_layer4_final,1.0,"I think since 1993, I have heard that No Doubt released their first single.",14,0.8823529411764706,0,0,0,1.0,0.6708860759493671,0.47368421052631576,0.0,0,0.5439453125
6,entertainment_music,Since 1993-ish I think....as soon as her band (No Doubt) released it's first single,"As soon as her band, No Doubt, released its first single which was in 1993, I think.",negative_layer11_mean,1.0,"I believe that since 1993, my opinion has been that her band No Doubt released their first single shortly thereafter.",20,1.2352941176470589,0,0,0,1.0,0.59,0.4166666666666667,0.0,0,2.6328125
7,entertainment_music,"Want something funny, check out the youtube steven colbert roast of dubya.","If you want to see something funny, look up ""Steven Colbert's Roast of Dubya"" on Youtube.",primary_layer21_mean,-2.0,Check out the YouTube Steven Colbert roast of Dubya.,9,0.7692307692307693,0,0,0,1.0,0.8253968253968254,0.75,0.0,0,0.1375732421875
7,entertainment_music,"Want something funny, check out the youtube steven colbert roast of dubya.","If you want to see something funny, look up ""Steven Colbert's Roast of Dubya"" on Youtube.",primary_layer21_mean,-1.0,Check out the YouTube Steven Colbert roast of Dubya.,9,0.7692307692307693,0,0,0,1.0,0.8253968253968254,0.75,0.0,0,0.1375732421875
7,entertainment_music,"Want something funny, check out the youtube steven colbert roast of dubya.","If you want to see something funny, look up ""Steven Colbert's Roast of Dubya"" on Youtube.",primary_layer21_mean,-0.5,Check out the YouTube Steven Colbert roast of Dubya.,9,0.7692307692307693,0,0,0,1.0,0.8253968253968254,0.75,0.0,0,0.1375732421875
7,entertainment_music,"Want something funny, check out the youtube steven colbert roast of dubya.","If you want to see something funny, look up ""Steven Colbert's Roast of Dubya"" on Youtube.",primary_layer21_mean,0.0,Want a funny thing to do? Check out Steven Colbert's YouTube roast of Dubya.,14,1.1538461538461537,0,0,0,1.0,0.6933333333333334,0.5294117647058824,0.0,0,0.6298828125
7,entertainment_music,"Want something funny, check out the youtube steven colbert roast of dubya.","If you want to see something funny, look up ""Steven Colbert's Roast of Dubya"" on Youtube.",primary_layer21_mean,0.5,Want a funny video? Check out Steven Colbert's YouTube roast on Dubya.,12,1.0,0,0,0,1.0,0.7083333333333334,0.5,0.0,0,0.197998046875
7,entertainment_music,"Want something funny, check out the youtube steven colbert roast of dubya.","If you want to see something funny, look up ""Steven Colbert's Roast of Dubya"" on Youtube.",primary_layer21_mean,1.0,Want a funny video? Check out Steven Colbert’s YouTube roast of Dukaku.,13,1.0769230769230769,0,0,0,1.0,0.6896551724137931,0.5625,0.0,0,0.3115234375
7,entertainment_music,"Want something funny, check out the youtube steven colbert roast of dubya.","If you want to see something funny, look up ""Steven Colbert's Roast of Dubya"" on Youtube.",primary_layer21_mean,2.0,Want a funny video? Check out Steven Colbert’s YouTube roast of Džubā.,13,1.0769230769230769,0,0,0,1.0,0.6944444444444444,0.5625,0.0,0,-0.031402587890625
7,entertainment_music,"Want something funny, check out the youtube steven colbert roast of dubya.","If you want to see something funny, look up ""Steven Colbert's Roast of Dubya"" on Youtube.",explicit_formal_prompt,,Seek out the YouTube Steven Colbert roast on Dubya for a humorous experience.,13,1.0769230769230769,0,0,0,1.0,0.6622516556291391,0.3888888888888889,0.0,0,0.91748046875
7,entertainment_music,"Want something funny, check out the youtube steven colbert roast of dubya.","If you want to see something funny, look up ""Steven Colbert's Roast of Dubya"" on Youtube.",alternative_layer4_final,1.0,"Check out the YouTube Steven Colbert roast of ""Dubai.""",9,0.7692307692307693,0,0,0,0.0,0.796875,0.6153846153846154,0.0,0,0.1722412109375
7,entertainment_music,"Want something funny, check out the youtube steven colbert roast of dubya.","If you want to see something funny, look up ""Steven Colbert's Roast of Dubya"" on Youtube.",negative_layer11_mean,1.0,Check out Steven Colbert's YouTube roast on Dubya for a humorous experience.,12,1.0,0,0,0,1.0,0.52,0.3333333333333333,0.0,0,1.2626953125
