example_id,domain,informal,formal_reference,condition,alpha,generated,word_count,length_ratio,contractions,slang_tokens,exclamation_marks,terminal_punctuation,character_similarity_to_input,word_set_jaccard_to_input,exact_copy,informal_marker_count,own_direction_projection
0,family_relationships,"Well you obviously love her, if not as a lover then surely as a friend.",It is obvious that you have feelings for her as a significant other or companion.,negative_layer11_mean,-2.0,"You clearly love her, if not as a lover then surely as a friend.",14,0.9375,0,0,0,1.0,0.8740740740740741,0.7857142857142857,0.0,0,97.875
0,family_relationships,"Well you obviously love her, if not as a lover then surely as a friend.",It is obvious that you have feelings for her as a significant other or companion.,negative_layer11_mean,-1.0,"You clearly love her, if not as a lover then surely as a friend.",14,0.9375,0,0,0,1.0,0.8740740740740741,0.7857142857142857,0.0,0,97.875
0,family_relationships,"Well you obviously love her, if not as a lover then surely as a friend.",It is obvious that you have feelings for her as a significant other or companion.,negative_layer11_mean,-0.5,"You clearly love her, but more likely as a friend.",10,0.6875,0,0,0,1.0,0.6115702479338843,0.35294117647058826,0.0,0,130.5
0,family_relationships,"Well you obviously love her, if not as a lover then surely as a friend.",It is obvious that you have feelings for her as a significant other or companion.,negative_layer11_mean,0.0,"You clearly love her, but more so as a friend than a lover.",13,0.875,0,0,0,1.0,0.5538461538461539,0.3888888888888889,0.0,0,104.3125
0,family_relationships,"Well you obviously love her, if not as a lover then surely as a friend.",It is obvious that you have feelings for her as a significant other or companion.,negative_layer11_mean,0.5,"You clearly adore her, whether she is your lover or just a friend.",13,0.875,0,0,0,1.0,0.5255474452554745,0.23809523809523808,0.0,0,104.4375
0,family_relationships,"Well you obviously love her, if not as a lover then surely as a friend.",It is obvious that you have feelings for her as a significant other or companion.,negative_layer11_mean,1.0,"You clearly admire her, but more than that, you also consider her to be a friend.",16,1.0625,0,0,0,1.0,0.47368421052631576,0.17391304347826086,0.0,0,82.5625
0,family_relationships,"Well you obviously love her, if not as a lover then surely as a friend.",It is obvious that you have feelings for her as a significant other or companion.,negative_layer11_mean,2.0,"You clearly admire her both as a lover and a friend, but this admiration is more than superficial; it goes beyond mere acquaintanceship.",23,1.5,0,0,0,1.0,0.3671497584541063,0.20689655172413793,0.0,0,56.03125
1,family_relationships,Like the word slacks....wonder if a guy can wear a just a slack?,"Such as the words ""slacks."" I wonder if a person can wear a ""slack.""",negative_layer11_mean,-2.0,like the word slacks... wonder if a guy can wear a just a slack?,14,1.0,0,0,0,1.0,0.984375,1.0,0.0,0,91.3125
1,family_relationships,Like the word slacks....wonder if a guy can wear a just a slack?,"Such as the words ""slacks."" I wonder if a person can wear a ""slack.""",negative_layer11_mean,-1.0,"Like the word ""slacks,"" wonder if a guy could wear a just a slack?",14,1.0,0,0,0,1.0,0.8923076923076924,0.8461538461538461,0.0,0,80.25
1,family_relationships,Like the word slacks....wonder if a guy can wear a just a slack?,"Such as the words ""slacks."" I wonder if a person can wear a ""slack.""",negative_layer11_mean,-0.5,"Like the word ""slacks,"" wonder if a guy could wear a ""just a slack""?",14,1.0,0,0,0,1.0,0.8787878787878788,0.8461538461538461,0.0,0,76.0625
1,family_relationships,Like the word slacks....wonder if a guy can wear a just a slack?,"Such as the words ""slacks."" I wonder if a person can wear a ""slack.""",negative_layer11_mean,0.0,"Like the word ""slacks,"" wonder if a guy could wear a ""just a slack?""",14,1.0,0,0,0,0.0,0.8787878787878788,0.8461538461538461,0.0,0,76.0625
1,family_relationships,Like the word slacks....wonder if a guy can wear a just a slack?,"Such as the words ""slacks."" I wonder if a person can wear a ""slack.""",negative_layer11_mean,0.5,Is it possible for someone to wear just a pair of shorts?,12,0.8666666666666667,0,0,0,1.0,0.3305785123966942,0.14285714285714285,0.0,0,119.5625
1,family_relationships,Like the word slacks....wonder if a guy can wear a just a slack?,"Such as the words ""slacks."" I wonder if a person can wear a ""slack.""",negative_layer11_mean,1.0,Is it possible for someone to wear just a pair of shorts?,12,0.8666666666666667,0,0,0,1.0,0.3305785123966942,0.14285714285714285,0.0,0,119.5625
1,family_relationships,Like the word slacks....wonder if a guy can wear a just a slack?,"Such as the words ""slacks."" I wonder if a person can wear a ""slack.""",negative_layer11_mean,2.0,"Is it possible for someone to wear just a ""slack""?",10,0.7333333333333333,0,0,0,1.0,0.42105263157894735,0.2222222222222222,0.0,0,129.375
2,entertainment_music,I saw this movie with a friend of mine.,I attended this film with a personal companion.,negative_layer11_mean,-2.0,we saw this movie together,5,0.6,0,0,0,0.0,0.5846153846153846,0.2727272727272727,0.0,0,296.25
2,entertainment_music,I saw this movie with a friend of mine.,I attended this film with a personal companion.,negative_layer11_mean,-1.0,We watched this movie together.,5,0.6,0,0,0,1.0,0.5142857142857142,0.16666666666666666,0.0,0,249.375
2,entertainment_music,I saw this movie with a friend of mine.,I attended this film with a personal companion.,negative_layer11_mean,-0.5,We watched this movie together.,5,0.6,0,0,0,1.0,0.5142857142857142,0.16666666666666666,0.0,0,249.375
2,entertainment_music,I saw this movie with a friend of mine.,I attended this film with a personal companion.,negative_layer11_mean,0.0,We watched this movie together.,5,0.6,0,0,0,1.0,0.5142857142857142,0.16666666666666666,0.0,0,249.375
2,entertainment_music,I saw this movie with a friend of mine.,I attended this film with a personal companion.,negative_layer11_mean,0.5,I watched this movie with my friend.,7,0.8,0,0,0,1.0,0.7466666666666667,0.45454545454545453,0.0,0,185.0
2,entertainment_music,I saw this movie with a friend of mine.,I attended this film with a personal companion.,negative_layer11_mean,1.0,I watched this film with my friend.,7,0.8,0,0,0,1.0,0.6486486486486487,0.3333333333333333,0.0,0,185.0
2,entertainment_music,I saw this movie with a friend of mine.,I attended this film with a personal companion.,negative_layer11_mean,2.0,I watched that film with my friend.,7,0.8,0,0,0,1.0,0.5945945945945946,0.23076923076923078,0.0,0,184.875
3,family_relationships,dont worry me and my friend feel the same way about this other girl!!,Do not worry.  My friend and I feel similarly about another young lady!,negative_layer11_mean,-2.0,dont worry me and my friend feel the same way about this other girl!,14,1.0,0,0,1,1.0,0.9927007299270073,1.0,0.0,1,93.5
3,family_relationships,dont worry me and my friend feel the same way about this other girl!!,Do not worry.  My friend and I feel similarly about another young lady!,negative_layer11_mean,-1.0,dont worry me and my friend feel the same way about this other girl!,14,1.0,0,0,1,1.0,0.9927007299270073,1.0,0.0,1,93.5
3,family_relationships,dont worry me and my friend feel the same way about this other girl!!,Do not worry.  My friend and I feel similarly about another young lady!,negative_layer11_mean,-0.5,dont worry me and my friend feel the same way about this other girl!,14,1.0,0,0,1,1.0,0.9927007299270073,1.0,0.0,1,93.5
3,family_relationships,dont worry me and my friend feel the same way about this other girl!!,Do not worry.  My friend and I feel similarly about another young lady!,negative_layer11_mean,0.0,Don't worry about feeling the same way about this other girl!,11,0.8,1,0,1,1.0,0.8153846153846154,0.5,0.0,2,113.75
3,family_relationships,dont worry me and my friend feel the same way about this other girl!!,Do not worry.  My friend and I feel similarly about another young lady!,negative_layer11_mean,0.5,Don't worry about feeling the same way about this other girl!,11,0.8,1,0,1,1.0,0.8153846153846154,0.5,0.0,2,113.75
3,family_relationships,dont worry me and my friend feel the same way about this other girl!!,Do not worry.  My friend and I feel similarly about another young lady!,negative_layer11_mean,1.0,Don't worry about feeling the same way about this other girl as I and my friend do!,17,1.2,1,0,1,1.0,0.6973684210526315,0.5789473684210527,0.0,2,77.75
3,family_relationships,dont worry me and my friend feel the same way about this other girl!!,Do not worry.  My friend and I feel similarly about another young lady!,negative_layer11_mean,2.0,"Worry not, both of you share the same feelings regarding this individual.",12,0.8666666666666667,0,0,0,1.0,0.36619718309859156,0.18181818181818182,0.0,0,94.625
4,family_relationships,its really hard when u want to know what happened.,It is very difficult when you are dying to know what occurred.,negative_layer11_mean,-2.0,it's really hard when you wanna know what happened,9,0.9090909090909091,1,1,0,0.0,0.9,0.46153846153846156,0.0,2,141.375
4,family_relationships,its really hard when u want to know what happened.,It is very difficult when you are dying to know what occurred.,negative_layer11_mean,-1.0,it is really hard when you want to know what happened.,11,1.0909090909090908,0,0,0,1.0,0.9615384615384616,0.6153846153846154,0.0,0,118.125
4,family_relationships,its really hard when u want to know what happened.,It is very difficult when you are dying to know what occurred.,negative_layer11_mean,-0.5,it is very difficult when you want to know what happened.,11,1.0909090909090908,0,0,0,1.0,0.8037383177570093,0.4,0.0,0,118.25
4,family_relationships,its really hard when u want to know what happened.,It is very difficult when you are dying to know what occurred.,negative_layer11_mean,0.0,it is very difficult to know what happened when you want to know.,13,1.2727272727272727,0,0,0,1.0,0.5739130434782609,0.4,0.0,0,101.4375
4,family_relationships,its really hard when u want to know what happened.,It is very difficult when you are dying to know what occurred.,negative_layer11_mean,0.5,It is difficult for you to know what has occurred.,10,1.0,0,0,0,1.0,0.52,0.17647058823529413,0.0,0,136.625
4,family_relationships,its really hard when u want to know what happened.,It is very difficult when you are dying to know what occurred.,negative_layer11_mean,1.0,It is extremely challenging to ascertain what occurred.,8,0.8181818181818182,0,0,0,1.0,0.49523809523809526,0.125,0.0,0,167.375
4,family_relationships,its really hard when u want to know what happened.,It is very difficult when you are dying to know what occurred.,negative_layer11_mean,2.0,It is difficult for someone to understand what occurred.,9,0.9090909090909091,0,0,0,1.0,0.39622641509433965,0.11764705882352941,0.0,0,150.375
5,family_relationships,"Once a snake, always a snake.",Not everybody is capable or willing to change.,negative_layer11_mean,-2.0,"once a snake, always a snake",6,1.0,0,0,0,0.0,0.9824561403508771,1.0,0.0,0,200.875
5,family_relationships,"Once a snake, always a snake.",Not everybody is capable or willing to change.,negative_layer11_mean,-1.0,"A snake, evermore a snake.",5,0.8571428571428571,0,0,0,1.0,0.4,0.4,0.0,0,178.25
5,family_relationships,"Once a snake, always a snake.",Not everybody is capable or willing to change.,negative_layer11_mean,-0.5,"A snake, evermore a snake.",5,0.8571428571428571,0,0,0,1.0,0.4,0.4,0.0,0,178.25
5,family_relationships,"Once a snake, always a snake.",Not everybody is capable or willing to change.,negative_layer11_mean,0.0,"A snake, ever a snake.",5,0.8571428571428571,0,0,0,1.0,0.7058823529411765,0.4,0.0,0,204.0
5,family_relationships,"Once a snake, always a snake.",Not everybody is capable or willing to change.,negative_layer11_mean,0.5,"A snake, from then on, remains a snake.",8,1.2857142857142858,0,0,0,1.0,0.5882352941176471,0.25,0.0,0,129.875
5,family_relationships,"Once a snake, always a snake.",Not everybody is capable or willing to change.,negative_layer11_mean,1.0,A snake remains a snake throughout its life.,8,1.2857142857142858,0,0,0,1.0,0.5205479452054794,0.25,0.0,0,158.875
5,family_relationships,"Once a snake, always a snake.",Not everybody is capable or willing to change.,negative_layer11_mean,2.0,"Always, regardless of whether one is a snake or not.",10,1.5714285714285714,0,0,0,1.0,0.37037037037037035,0.2727272727272727,0.0,0,120.6875
6,family_relationships,I did and now im married to him.,"I said ""I do"" and now we are married.",negative_layer11_mean,-2.0,I did and now i'm married to him.,8,1.0,1,0,0,1.0,0.9846153846153847,0.7777777777777778,0.0,1,147.375
6,family_relationships,I did and now im married to him.,"I said ""I do"" and now we are married.",negative_layer11_mean,-1.0,I got married to him now.,6,0.7777777777777778,0,0,0,1.0,0.6666666666666666,0.5555555555555556,0.0,0,211.125
6,family_relationships,I did and now im married to him.,"I said ""I do"" and now we are married.",negative_layer11_mean,-0.5,I got married and am now with him.,8,1.0,0,0,0,1.0,0.5454545454545454,0.45454545454545453,0.0,0,164.375
6,family_relationships,I did and now im married to him.,"I said ""I do"" and now we are married.",negative_layer11_mean,0.0,I am married to him now.,6,0.7777777777777778,0,0,0,1.0,0.7142857142857143,0.5555555555555556,0.0,0,211.375
6,family_relationships,I did and now im married to him.,"I said ""I do"" and now we are married.",negative_layer11_mean,0.5,I am married to him now.,6,0.7777777777777778,0,0,0,1.0,0.7142857142857143,0.5555555555555556,0.0,0,211.375
6,family_relationships,I did and now im married to him.,"I said ""I do"" and now we are married.",negative_layer11_mean,1.0,"I am married to him, and I have done that recently.",11,1.3333333333333333,0,0,0,1.0,0.4819277108433735,0.38461538461538464,0.0,0,113.875
6,family_relationships,I did and now im married to him.,"I said ""I do"" and now we are married.",negative_layer11_mean,2.0,"You are currently married to him, as stated in your statement.",11,1.3333333333333333,0,0,0,1.0,0.40425531914893614,0.1875,0.0,0,120.6875
7,entertainment_music,"IN OR TO ADVERTISE THE CONTESTANTS HAVE USED BROCHURES, BLIMPS, SIGNS ON CARRIAGES, AND TEXT MESSAGING.","In an effort to advertise, the contestants have utilized brochures, blimps, signs on carriages, and test messaging.",negative_layer11_mean,-2.0,"in or to advertise the contestants have used brochures, blimps, signs on cars and text messaging.",16,1.0,0,0,0,1.0,0.97,0.8823529411764706,0.0,0,66.25
7,entertainment_music,"IN OR TO ADVERTISE THE CONTESTANTS HAVE USED BROCHURES, BLIMPS, SIGNS ON CARRIAGES, AND TEXT MESSAGING.","In an effort to advertise, the contestants have utilized brochures, blimps, signs on carriages, and test messaging.",negative_layer11_mean,-1.0,"CONTESTANTS HAVE USED BROCHURES, BLIMPS, SIGNS ON CARRIAGES, AND TEXT MESSAGING.",11,0.7058823529411765,0,0,0,1.0,0.8743169398907104,0.6875,0.0,0,49.3125
7,entertainment_music,"IN OR TO ADVERTISE THE CONTESTANTS HAVE USED BROCHURES, BLIMPS, SIGNS ON CARRIAGES, AND TEXT MESSAGING.","In an effort to advertise, the contestants have utilized brochures, blimps, signs on carriages, and test messaging.",negative_layer11_mean,-0.5,"CONTESTANTS HAVE BEEN USING BROCHURES, BLIMPS, SIGNS ON CARRIAGES, AND TEXT MESSAGING.",12,0.7647058823529411,0,0,0,1.0,0.8253968253968254,0.5555555555555556,0.0,0,47.5625
7,entertainment_music,"IN OR TO ADVERTISE THE CONTESTANTS HAVE USED BROCHURES, BLIMPS, SIGNS ON CARRIAGES, AND TEXT MESSAGING.","In an effort to advertise, the contestants have utilized brochures, blimps, signs on carriages, and test messaging.",negative_layer11_mean,0.0,"CONTESTANTS HAVE BEEN USING BROCHURES, BLIMPS, SIGNS ON CARRIAGES, AND TEXT MESSAGING IN ADVERTISING.",14,0.8823529411764706,0,0,0,1.0,0.7647058823529411,0.5789473684210527,0.0,0,41.59375
7,entertainment_music,"IN OR TO ADVERTISE THE CONTESTANTS HAVE USED BROCHURES, BLIMPS, SIGNS ON CARRIAGES, AND TEXT MESSAGING.","In an effort to advertise, the contestants have utilized brochures, blimps, signs on carriages, and test messaging.",negative_layer11_mean,0.5,"CONTESTANTS HAVE BEEN USING BROCHURES, BLIMPS, SIGNS ON CARRIAGES, AND TEXT MESSAGING IN ADVERTISING.",14,0.8823529411764706,0,0,0,1.0,0.7647058823529411,0.5789473684210527,0.0,0,41.59375
7,entertainment_music,"IN OR TO ADVERTISE THE CONTESTANTS HAVE USED BROCHURES, BLIMPS, SIGNS ON CARRIAGES, AND TEXT MESSAGING.","In an effort to advertise, the contestants have utilized brochures, blimps, signs on carriages, and test messaging.",negative_layer11_mean,1.0,"CONTESTANTS HAVE BEEN USING BROCHURES, BLIMPS, SIGNS ON CARRIAGES, AND TEXT MESSAGING IN ORDER TO ADVERTISE THEIR COMMENTS.",18,1.1176470588235294,0,0,0,1.0,0.6902654867256637,0.6190476190476191,0.0,0,38.03125
7,entertainment_music,"IN OR TO ADVERTISE THE CONTESTANTS HAVE USED BROCHURES, BLIMPS, SIGNS ON CARRIAGES, AND TEXT MESSAGING.","In an effort to advertise, the contestants have utilized brochures, blimps, signs on carriages, and test messaging.",negative_layer11_mean,2.0,"CONTESTANTS Have Used Brochures, Blimps, Signage on Cars, and Text Messaging.",11,0.7058823529411765,0,0,0,1.0,0.8222222222222222,0.5,0.0,0,63.96875
8,entertainment_music,Since 1993-ish I think....as soon as her band (No Doubt) released it's first single,"As soon as her band, No Doubt, released its first single which was in 1993, I think.",negative_layer11_mean,-2.0,I think since 1993-ish i thought she was gonna release a new song with no doubt,17,1.0588235294117647,0,1,0,0.0,0.43209876543209874,0.2916666666666667,0.0,1,69.8125
8,entertainment_music,Since 1993-ish I think....as soon as her band (No Doubt) released it's first single,"As soon as her band, No Doubt, released its first single which was in 1993, I think.",negative_layer11_mean,-1.0,"I think since 1993-ish, she started to play with No Doubt's first single",14,0.8823529411764706,0,0,0,0.0,0.5419354838709678,0.38095238095238093,0.0,0,70.0
8,entertainment_music,Since 1993-ish I think....as soon as her band (No Doubt) released it's first single,"As soon as her band, No Doubt, released its first single which was in 1993, I think.",negative_layer11_mean,-0.5,"I think since 1993-ish, she started to play No Doubt's music.",12,0.7647058823529411,0,0,0,1.0,0.4444444444444444,0.2857142857142857,0.0,0,73.625
8,entertainment_music,Since 1993-ish I think....as soon as her band (No Doubt) released it's first single,"As soon as her band, No Doubt, released its first single which was in 1993, I think.",negative_layer11_mean,0.0,"I think since 1993, as soon as No Doubt released their first single, I started to listen to them.",19,1.1764705882352942,0,0,0,1.0,0.6,0.55,0.0,0,54.625
8,entertainment_music,Since 1993-ish I think....as soon as her band (No Doubt) released it's first single,"As soon as her band, No Doubt, released its first single which was in 1993, I think.",negative_layer11_mean,0.5,"I've been thinking about that since 1993, when No Doubt released their first single.",14,0.8823529411764706,1,0,0,1.0,0.5389221556886228,0.3181818181818182,0.0,1,67.3125
8,entertainment_music,Since 1993-ish I think....as soon as her band (No Doubt) released it's first single,"As soon as her band, No Doubt, released its first single which was in 1993, I think.",negative_layer11_mean,1.0,"I believe that since 1993, my opinion has been that her band No Doubt released their first single shortly thereafter.",20,1.2352941176470589,0,0,0,1.0,0.59,0.4166666666666667,0.0,0,54.625
8,entertainment_music,Since 1993-ish I think....as soon as her band (No Doubt) released it's first single,"As soon as her band, No Doubt, released its first single which was in 1993, I think.",negative_layer11_mean,2.0,"As of 1993, I believe that No Doubt's debut single was released.",12,0.7647058823529411,0,0,0,1.0,0.40816326530612246,0.2857142857142857,0.0,0,76.0
9,family_relationships,"i'd say when your'e ready,but i perfer 18 and up","I prefer 18 and up, but you will know when you are ready.",negative_layer11_mean,-2.0,"when you're ready, but i prefer 18+",7,0.6666666666666666,1,0,0,0.0,0.7469879518072289,0.38461538461538464,0.0,1,116.5625
9,family_relationships,"i'd say when your'e ready,but i perfer 18 and up","I prefer 18 and up, but you will know when you are ready.",negative_layer11_mean,-1.0,"I would say when you're ready, but I prefer 18+",10,0.9166666666666666,1,0,0,0.0,0.8,0.42857142857142855,0.0,1,98.0625
9,family_relationships,"i'd say when your'e ready,but i perfer 18 and up","I prefer 18 and up, but you will know when you are ready.",negative_layer11_mean,-0.5,"I would say when you're ready, but I prefer 18 and up",12,1.0833333333333333,1,0,0,0.0,0.8910891089108911,0.5714285714285714,0.0,1,91.9375
9,family_relationships,"i'd say when your'e ready,but i perfer 18 and up","I prefer 18 and up, but you will know when you are ready.",negative_layer11_mean,0.0,"I would like to know when you are ready, but I prefer 18 and above.",15,1.3333333333333333,0,0,0,1.0,0.6956521739130435,0.3157894736842105,0.0,0,77.75
9,family_relationships,"i'd say when your'e ready,but i perfer 18 and up","I prefer 18 and up, but you will know when you are ready.",negative_layer11_mean,0.5,"I suggest you be at least 18 years old, but I prefer adults over children.",15,1.3333333333333333,0,0,0,1.0,0.45901639344262296,0.13636363636363635,0.0,0,77.5625
9,family_relationships,"i'd say when your'e ready,but i perfer 18 and up","I prefer 18 and up, but you will know when you are ready.",negative_layer11_mean,1.0,"I suggest you be at least 18 years old, but I prefer adults over children.",15,1.3333333333333333,0,0,0,1.0,0.45901639344262296,0.13636363636363635,0.0,0,77.5625
9,family_relationships,"i'd say when your'e ready,but i perfer 18 and up","I prefer 18 and up, but you will know when you are ready.",negative_layer11_mean,2.0,"When are you available, but I prefer individuals aged 18 or older.",12,1.0833333333333333,0,0,0,1.0,0.45614035087719296,0.21052631578947367,0.0,0,96.125
10,family_relationships,What if he left his wife and family for you?,What if he were to leave his wife and family for you?,negative_layer11_mean,-2.0,what if he left his wife and family for me?,10,1.0,0,0,0,1.0,0.9425287356321839,0.8181818181818182,0.0,0,142.5
10,family_relationships,What if he left his wife and family for you?,What if he were to leave his wife and family for you?,negative_layer11_mean,-1.0,If he left his wife and family for you?,9,0.9090909090909091,0,0,0,1.0,0.9397590361445783,0.9,0.0,0,150.625
10,family_relationships,What if he left his wife and family for you?,What if he were to leave his wife and family for you?,negative_layer11_mean,-0.5,What would happen if he left his wife and family for you?,12,1.1818181818181819,0,0,0,1.0,0.8712871287128713,0.8333333333333334,0.0,0,117.5
10,family_relationships,What if he left his wife and family for you?,What if he were to leave his wife and family for you?,negative_layer11_mean,0.0,What would happen if he left his family and wife for you?,12,1.1818181818181819,0,0,0,1.0,0.693069306930693,0.8333333333333334,0.0,0,117.5
10,family_relationships,What if he left his wife and family for you?,What if he were to leave his wife and family for you?,negative_layer11_mean,0.5,What would happen if he abandoned his family and loved ones for you?,13,1.2727272727272727,0,0,0,1.0,0.5714285714285714,0.5333333333333333,0.0,0,109.125
10,family_relationships,What if he left his wife and family for you?,What if he were to leave his wife and family for you?,negative_layer11_mean,1.0,Why would he leave his family for you?,8,0.8181818181818182,0,0,0,1.0,0.7073170731707317,0.38461538461538464,0.0,0,175.375
10,family_relationships,What if he left his wife and family for you?,What if he were to leave his wife and family for you?,negative_layer11_mean,2.0,"If he left his wife and family for someone else, what would that entail?",14,1.3636363636363635,0,0,0,1.0,0.6551724137931034,0.6,0.0,0,94.1875
11,family_relationships,ask what are some of her fantansies.,Ask her what some of her fantasies are.,negative_layer11_mean,-2.0,what are some of her fantasies,6,0.875,0,0,0,0.0,0.9090909090909091,0.625,0.0,0,261.75
11,family_relationships,ask what are some of her fantansies.,Ask her what some of her fantasies are.,negative_layer11_mean,-1.0,what are some of her fantasies?,6,0.875,0,0,0,1.0,0.8955223880597015,0.625,0.0,0,224.375
11,family_relationships,ask what are some of her fantansies.,Ask her what some of her fantasies are.,negative_layer11_mean,-0.5,What are some of her fantasies?,6,0.875,0,0,0,1.0,0.8955223880597015,0.625,0.0,0,218.25
11,family_relationships,ask what are some of her fantansies.,Ask her what some of her fantasies are.,negative_layer11_mean,0.0,What are some of her fantasies?,6,0.875,0,0,0,1.0,0.8955223880597015,0.625,0.0,0,218.25
11,family_relationships,ask what are some of her fantansies.,Ask her what some of her fantasies are.,negative_layer11_mean,0.5,What are some of her fantasies?,6,0.875,0,0,0,1.0,0.8955223880597015,0.625,0.0,0,218.25
11,family_relationships,ask what are some of her fantansies.,Ask her what some of her fantasies are.,negative_layer11_mean,1.0,What are some of her fantasies?,6,0.875,0,0,0,1.0,0.8955223880597015,0.625,0.0,0,218.25
11,family_relationships,ask what are some of her fantansies.,Ask her what some of her fantasies are.,negative_layer11_mean,2.0,What are some of her fantasies?,6,0.875,0,0,0,1.0,0.8955223880597015,0.625,0.0,0,218.25
12,family_relationships,Thing is... Boyfriends especially young ones don't always have your best interests at heart.,Young men do not always have a lady's best interest in mind.,negative_layer11_mean,-2.0,Boyfriends especially young ones don't always have your best interests at heart.,12,0.8666666666666667,1,0,0,1.0,0.9302325581395349,0.8571428571428571,0.0,1,96.6875
12,family_relationships,Thing is... Boyfriends especially young ones don't always have your best interests at heart.,Young men do not always have a lady's best interest in mind.,negative_layer11_mean,-1.0,Boyfriends especially young ones don't always have your best interests at heart.,12,0.8666666666666667,1,0,0,1.0,0.9302325581395349,0.8571428571428571,0.0,1,96.6875
12,family_relationships,Thing is... Boyfriends especially young ones don't always have your best interests at heart.,Young men do not always have a lady's best interest in mind.,negative_layer11_mean,-0.5,"Boyfriends, especially those in their teens or twenties, may not always prioritize your best interests.",15,1.0666666666666667,0,0,0,1.0,0.6358974358974359,0.2608695652173913,0.0,0,76.5
12,family_relationships,Thing is... Boyfriends especially young ones don't always have your best interests at heart.,Young men do not always have a lady's best interest in mind.,negative_layer11_mean,0.0,"Boyfriends, especially those in their teens or twenties, may not always prioritize your best interests.",15,1.0666666666666667,0,0,0,1.0,0.6358974358974359,0.2608695652173913,0.0,0,76.5
12,family_relationships,Thing is... Boyfriends especially young ones don't always have your best interests at heart.,Young men do not always have a lady's best interest in mind.,negative_layer11_mean,0.5,"Boyfriends, particularly those in their teens or younger, may not always prioritize the best interest of their partners.",18,1.2666666666666666,0,0,0,1.0,0.5377358490566038,0.10714285714285714,0.0,0,66.0
12,family_relationships,Thing is... Boyfriends especially young ones don't always have your best interests at heart.,Young men do not always have a lady's best interest in mind.,negative_layer11_mean,1.0,"Things are not always in your best interest when it comes to relationships with young individuals, particularly those who may not prioritize their partners' well-being.",26,1.8,0,0,0,1.0,0.36923076923076925,0.11428571428571428,0.0,0,51.5
12,family_relationships,Thing is... Boyfriends especially young ones don't always have your best interests at heart.,Young men do not always have a lady's best interest in mind.,negative_layer11_mean,2.0,"It is true that, for individuals with young partners, their well-being may not always be prioritized above other important aspects of life.",23,1.6,0,0,0,1.0,0.4329004329004329,0.08823529411764706,0.0,0,55.6875
13,entertainment_music,"Want something funny, check out the youtube steven colbert roast of dubya.","If you want to see something funny, look up ""Steven Colbert's Roast of Dubya"" on Youtube.",negative_layer11_mean,-2.0,"want something funny, check out the steven colbert roast of dubya",11,0.9230769230769231,0,0,0,0.0,0.935251798561151,0.9166666666666666,0.0,0,95.4375
13,entertainment_music,"Want something funny, check out the youtube steven colbert roast of dubya.","If you want to see something funny, look up ""Steven Colbert's Roast of Dubya"" on Youtube.",negative_layer11_mean,-1.0,"Want something funny, check out the Steven Colbert roast of Dubya.",11,0.9230769230769231,0,0,0,1.0,0.9428571428571428,0.9166666666666666,0.0,0,111.875
13,entertainment_music,"Want something funny, check out the youtube steven colbert roast of dubya.","If you want to see something funny, look up ""Steven Colbert's Roast of Dubya"" on Youtube.",negative_layer11_mean,-0.5,"Want something funny, check out the Steven Colbert roast of Dubya.",11,0.9230769230769231,0,0,0,1.0,0.9428571428571428,0.9166666666666666,0.0,0,111.875
13,entertainment_music,"Want something funny, check out the youtube steven colbert roast of dubya.","If you want to see something funny, look up ""Steven Colbert's Roast of Dubya"" on Youtube.",negative_layer11_mean,0.0,Want a funny thing to do? Check out Steven Colbert's YouTube roast of Dubya.,14,1.1538461538461537,0,0,0,1.0,0.6933333333333334,0.5294117647058824,0.0,0,87.125
13,entertainment_music,"Want something funny, check out the youtube steven colbert roast of dubya.","If you want to see something funny, look up ""Steven Colbert's Roast of Dubya"" on Youtube.",negative_layer11_mean,0.5,Check out Steven Colbert's YouTube roast on Dubya.,8,0.6923076923076923,0,0,0,1.0,0.6290322580645161,0.42857142857142855,0.0,0,132.625
13,entertainment_music,"Want something funny, check out the youtube steven colbert roast of dubya.","If you want to see something funny, look up ""Steven Colbert's Roast of Dubya"" on Youtube.",negative_layer11_mean,1.0,Check out Steven Colbert's YouTube roast on Dubya for a humorous experience.,12,1.0,0,0,0,1.0,0.52,0.3333333333333333,0.0,0,97.25
13,entertainment_music,"Want something funny, check out the youtube steven colbert roast of dubya.","If you want to see something funny, look up ""Steven Colbert's Roast of Dubya"" on Youtube.",negative_layer11_mean,2.0,Check out the YouTube video by Steven Colbert featuring a roast about Dubya.,13,1.0769230769230769,0,0,0,1.0,0.68,0.47058823529411764,0.0,0,97.4375
14,entertainment_music,"Nicole would kick her honky ass  and to be truthful, she needs it kicked","Nicole would scold her, and to be truthful, she needs to be.",negative_layer11_mean,-2.0,"Nicole would kick her honky ass and to be truthful, she needs it kicked",14,1.0,0,0,0,0.0,0.993006993006993,1.0,0.0,0,82.6875
14,entertainment_music,"Nicole would kick her honky ass  and to be truthful, she needs it kicked","Nicole would scold her, and to be truthful, she needs to be.",negative_layer11_mean,-1.0,"Nicole would kick her ass and to be honest, she needs it kicked",13,0.9333333333333333,0,0,0,0.0,0.8592592592592593,0.8,0.0,0,93.875
14,entertainment_music,"Nicole would kick her honky ass  and to be truthful, she needs it kicked","Nicole would scold her, and to be truthful, she needs to be.",negative_layer11_mean,-0.5,"Nicole would kick her ass and to be honest, she needs it kicked",13,0.9333333333333333,0,0,0,0.0,0.8592592592592593,0.8,0.0,0,93.875
14,entertainment_music,"Nicole would kick her honky ass  and to be truthful, she needs it kicked","Nicole would scold her, and to be truthful, she needs to be.",negative_layer11_mean,0.0,"Nicole would kick her ass and to be honest, she needs it kicked",13,0.9333333333333333,0,0,0,0.0,0.8592592592592593,0.8,0.0,0,93.875
14,entertainment_music,"Nicole would kick her honky ass  and to be truthful, she needs it kicked","Nicole would scold her, and to be truthful, she needs to be.",negative_layer11_mean,0.5,"Nicole would kick her ass and to be honest, she needs it kicked.",13,0.9333333333333333,0,0,0,1.0,0.8529411764705882,0.8,0.0,0,88.0625
14,entertainment_music,"Nicole would kick her honky ass  and to be truthful, she needs it kicked","Nicole would scold her, and to be truthful, she needs to be.",negative_layer11_mean,1.0,"Nicole would kick her ass and to be honest, she needs it kicked.",13,0.9333333333333333,0,0,0,1.0,0.8529411764705882,0.8,0.0,0,88.0625
14,entertainment_music,"Nicole would kick her honky ass  and to be truthful, she needs it kicked","Nicole would scold her, and to be truthful, she needs to be.",negative_layer11_mean,2.0,"To be honest, I need Nicole kicked, as she is a honky ass.",13,0.9333333333333333,0,0,0,1.0,0.36923076923076925,0.35,0.0,0,88.4375
15,entertainment_music,"I cant stand many others, Mancow, that old fart cowboy looking guy.","I can't stand many others, like Mancow.",negative_layer11_mean,-2.0,I dont like many other people that old fart cowboy looking guy,12,1.0,0,0,0,0.0,0.7906976744186046,0.5,0.0,0,122.25
15,entertainment_music,"I cant stand many others, Mancow, that old fart cowboy looking guy.","I can't stand many others, like Mancow.",negative_layer11_mean,-1.0,I don't like many other people who look like a cowboy.,11,0.9230769230769231,1,0,0,1.0,0.4297520661157025,0.15789473684210525,0.0,1,113.625
15,entertainment_music,"I cant stand many others, Mancow, that old fart cowboy looking guy.","I can't stand many others, like Mancow.",negative_layer11_mean,-0.5,I don't like many other people who are old and grumpy.,11,0.9230769230769231,1,0,0,1.0,0.49586776859504134,0.15,0.0,1,105.625
15,entertainment_music,"I cant stand many others, Mancow, that old fart cowboy looking guy.","I can't stand many others, like Mancow.",negative_layer11_mean,0.0,I don't like many other people who are old and silly.,11,0.9230769230769231,1,0,0,1.0,0.4666666666666667,0.15,0.0,1,113.6875
15,entertainment_music,"I cant stand many others, Mancow, that old fart cowboy looking guy.","I can't stand many others, like Mancow.",negative_layer11_mean,0.5,"I don't like many other people who are old and silly, Manco.",12,1.0,1,0,0,1.0,0.3937007874015748,0.14285714285714285,0.0,1,92.3125
15,entertainment_music,"I cant stand many others, Mancow, that old fart cowboy looking guy.","I can't stand many others, like Mancow.",negative_layer11_mean,1.0,I detest many other individuals who are perceived as outdated and uncouth by Mancow.,14,1.1538461538461537,0,0,0,1.0,0.33112582781456956,0.13043478260869565,0.0,0,77.75
15,entertainment_music,"I cant stand many others, Mancow, that old fart cowboy looking guy.","I can't stand many others, like Mancow.",negative_layer11_mean,2.0,"I detest many other individuals who are perceived as outdated and uncouth by Mancow, a lout-like person.",18,1.4615384615384615,0,0,0,1.0,0.38596491228070173,0.1111111111111111,0.0,0,58.9375
16,entertainment_music,in order of preference: -tom and jerry -transformers -tom sawyer -goldorak,"In order of preferenc I like: Tom and Jerry, Transformers, Tom Sawyer, and Goldorak.",negative_layer11_mean,-2.0,in order of preference: -tom and jerry -transformers -goldorak,9,0.8333333333333334,0,0,0,0.0,0.9117647058823529,0.9,0.0,0,86.0625
16,entertainment_music,in order of preference: -tom and jerry -transformers -tom sawyer -goldorak,"In order of preferenc I like: Tom and Jerry, Transformers, Tom Sawyer, and Goldorak.",negative_layer11_mean,-1.0,- tom and jerry - transformers - tom sawyer - goldorak,7,0.6666666666666666,0,0,0,0.0,0.78125,0.6,0.0,0,99.0625
16,entertainment_music,in order of preference: -tom and jerry -transformers -tom sawyer -goldorak,"In order of preferenc I like: Tom and Jerry, Transformers, Tom Sawyer, and Goldorak.",negative_layer11_mean,-0.5,- Tom and Jerry - Transformers - Tom Sawyer - Goldorak,7,0.6666666666666666,0,0,0,0.0,0.78125,0.6,0.0,0,114.875
16,entertainment_music,in order of preference: -tom and jerry -transformers -tom sawyer -goldorak,"In order of preferenc I like: Tom and Jerry, Transformers, Tom Sawyer, and Goldorak.",negative_layer11_mean,0.0,- Tom and Jerry - Transformers - Tom Sawyer - Goldorak,7,0.6666666666666666,0,0,0,0.0,0.78125,0.6,0.0,0,114.875
16,entertainment_music,in order of preference: -tom and jerry -transformers -tom sawyer -goldorak,"In order of preferenc I like: Tom and Jerry, Transformers, Tom Sawyer, and Goldorak.",negative_layer11_mean,0.5,"- Tom and Jerry, Transformers, Tom Sawyer, Goldorak",7,0.6666666666666666,0,0,0,0.0,0.752,0.6,0.0,0,115.0625
16,entertainment_music,in order of preference: -tom and jerry -transformers -tom sawyer -goldorak,"In order of preferenc I like: Tom and Jerry, Transformers, Tom Sawyer, and Goldorak.",negative_layer11_mean,1.0,"In order of preference, Tom sawyer came first, followed by Transformers, then Tom and Jerry, and finally goldorak.",18,1.5833333333333333,0,0,0,1.0,0.5212765957446809,0.625,0.0,0,58.125
16,entertainment_music,in order of preference: -tom and jerry -transformers -tom sawyer -goldorak,"In order of preferenc I like: Tom and Jerry, Transformers, Tom Sawyer, and Goldorak.",negative_layer11_mean,2.0,"Transformers, Tom Sawyer, and goldorak should be considered in order of preference.",12,1.0833333333333333,0,0,0,1.0,0.2802547770700637,0.6923076923076923,0.0,0,82.0
17,entertainment_music,if not check out the local antique dealers in your area.,"If not, check out the local antique dealers in your area.",negative_layer11_mean,-2.0,check out the local antique dealers in your area,9,0.8333333333333334,0,0,0,0.0,0.9230769230769231,0.8181818181818182,0.0,0,158.875
17,entertainment_music,if not check out the local antique dealers in your area.,"If not, check out the local antique dealers in your area.",negative_layer11_mean,-1.0,check out the local antique dealers in your area,9,0.8333333333333334,0,0,0,0.0,0.9230769230769231,0.8181818181818182,0.0,0,158.875
17,entertainment_music,if not check out the local antique dealers in your area.,"If not, check out the local antique dealers in your area.",negative_layer11_mean,-0.5,check out the local antique dealers in your area.,9,0.8333333333333334,0,0,0,1.0,0.9333333333333333,0.8181818181818182,0.0,0,143.0
17,entertainment_music,if not check out the local antique dealers in your area.,"If not, check out the local antique dealers in your area.",negative_layer11_mean,0.0,check out the local antique dealers in your area.,9,0.8333333333333334,0,0,0,1.0,0.9333333333333333,0.8181818181818182,0.0,0,143.0
17,entertainment_music,if not check out the local antique dealers in your area.,"If not, check out the local antique dealers in your area.",negative_layer11_mean,0.5,"If you don't check out the local antique dealers in your area,",12,1.0833333333333333,1,0,0,0.0,0.9152542372881356,0.7692307692307693,0.0,1,107.5
17,entertainment_music,if not check out the local antique dealers in your area.,"If not, check out the local antique dealers in your area.",negative_layer11_mean,1.0,"If you don't check out the local antique dealers in your area,",12,1.0833333333333333,1,0,0,0.0,0.9152542372881356,0.7692307692307693,0.0,1,107.5
17,entertainment_music,if not check out the local antique dealers in your area.,"If not, check out the local antique dealers in your area.",negative_layer11_mean,2.0,Do not visit the local antique dealers in your vicinity.,10,0.9166666666666666,0,0,0,1.0,0.75,0.5,0.0,0,140.75
18,entertainment_music,i think he is in his mid 30's,"I bevieve he is 35 years old, or about.",negative_layer11_mean,-2.0,I think he is in his mid 30's,8,1.0,0,0,0,0.0,1.0,1.0,1.0,0,133.875
18,entertainment_music,i think he is in his mid 30's,"I bevieve he is 35 years old, or about.",negative_layer11_mean,-1.0,I think he is in his mid-30s.,8,1.0,0,0,0,1.0,0.9310344827586207,0.7777777777777778,0.0,0,122.8125
18,entertainment_music,i think he is in his mid 30's,"I bevieve he is 35 years old, or about.",negative_layer11_mean,-0.5,I think he is in his mid-30s.,8,1.0,0,0,0,1.0,0.9310344827586207,0.7777777777777778,0.0,0,122.8125
18,entertainment_music,i think he is in his mid 30's,"I bevieve he is 35 years old, or about.",negative_layer11_mean,0.0,I think he is in his mid-30s.,8,1.0,0,0,0,1.0,0.9310344827586207,0.7777777777777778,0.0,0,122.8125
18,entertainment_music,i think he is in his mid 30's,"I bevieve he is 35 years old, or about.",negative_layer11_mean,0.5,I believe he is in his mid-30s.,8,1.0,0,0,0,1.0,0.7666666666666667,0.6,0.0,0,122.9375
18,entertainment_music,i think he is in his mid 30's,"I bevieve he is 35 years old, or about.",negative_layer11_mean,1.0,I believe he is in his late 30s.,8,1.0,0,0,0,1.0,0.6885245901639344,0.45454545454545453,0.0,0,122.8125
18,entertainment_music,i think he is in his mid 30's,"I bevieve he is 35 years old, or about.",negative_layer11_mean,2.0,I believe he is in his late 30s.,8,1.0,0,0,0,1.0,0.6885245901639344,0.45454545454545453,0.0,0,122.8125
19,entertainment_music,2. by moving her out of town before it was bombed,It was important to remove her from the town before it was demolished.,negative_layer11_mean,-2.0,move out of town before it was bombed,8,0.75,0,0,0,0.0,0.8604651162790697,0.5833333333333334,0.0,0,186.0
19,entertainment_music,2. by moving her out of town before it was bombed,It was important to remove her from the town before it was demolished.,negative_layer11_mean,-1.0,move out of town before it was bombed,8,0.75,0,0,0,0.0,0.8604651162790697,0.5833333333333334,0.0,0,186.0
19,entertainment_music,2. by moving her out of town before it was bombed,It was important to remove her from the town before it was demolished.,negative_layer11_mean,-0.5,2. She moved out of town before it was bombed.,10,0.9166666666666666,0,0,0,1.0,0.8631578947368421,0.6153846153846154,0.0,0,123.5625
19,entertainment_music,2. by moving her out of town before it was bombed,It was important to remove her from the town before it was demolished.,negative_layer11_mean,0.0,2. She moved out of town before it was bombed.,10,0.9166666666666666,0,0,0,1.0,0.8631578947368421,0.6153846153846154,0.0,0,123.5625
19,entertainment_music,2. by moving her out of town before it was bombed,It was important to remove her from the town before it was demolished.,negative_layer11_mean,0.5,By moving to a different location before it was bombed.,10,0.9166666666666666,0,0,0,1.0,0.75,0.4,0.0,0,139.125
19,entertainment_music,2. by moving her out of town before it was bombed,It was important to remove her from the town before it was demolished.,negative_layer11_mean,1.0,By moving to a different location before the bombing occurred.,10,0.9166666666666666,0,0,0,1.0,0.6126126126126126,0.16666666666666666,0.0,0,139.25
19,entertainment_music,2. by moving her out of town before it was bombed,It was important to remove her from the town before it was demolished.,negative_layer11_mean,2.0,By relocating to a different location before the bombing occurred.,10,0.9166666666666666,0,0,0,1.0,0.5565217391304348,0.10526315789473684,0.0,0,127.6875
