id,original_text,rewritten_text,semantic_similarity,toxicity_original,toxicity_rewritten,toxicity_reduction,toxicity_relative_reduction,critical_value_count,critical_value_preserved_count,critical_value_recall,critical_value_missing_count,critical_value_unsupported_count,critical_value_exact,critical_value_missing,critical_value_unsupported,word_overlap,edit_ratio,length_ratio,exact_match,number_recall,latency_ms,input_tokens,output_tokens,model_info,timestamp_utc
input_001,"Seriously, Maya, this invoice is a damn mess. Change the total from $480 to $450 before you send it.","Seriously, Maya, this invoice is a mess. Change the total from $480 to $450 before you send it.",0.997747,0.736666,0.041452,0.695214,0.943731,2,2,1.0,0,0,True,[],[],0.9474,0.0256,0.95,False,1.0,216.18,31,27,local-t5:/Users/ayman/projects/second-thought/models/epoch3/t5-small-paradetox,2026-09-29T19:13:02.685514+00:00
input_002,You dumped 18 broken laptops on my desk like an idiot. Get them out of room 204 by 3 PM.,You dumped 18 broken laptops on my desk. Get them out of room 204 by 3 PM.,0.983618,0.963497,0.020671,0.942827,0.978546,3,3,1.0,0,0,True,[],[],0.85,0.0864,0.8409,False,1.0,158.07,29,23,local-t5:/Users/ayman/projects/second-thought/models/epoch3/t5-small-paradetox,2026-09-29T19:13:02.843919+00:00
input_003,"I'm sick of your bullshit excuses, Daniel. The client needs those 6 drawings by Friday.",I'm sick of your excuses Daniel. The client needs those 6 drawings by Friday.,0.98208,0.940101,0.069499,0.870602,0.926073,2,2,1.0,0,0,True,[],[],0.9333,0.061,0.8851,False,1.0,143.03,27,20,local-t5:/Users/ayman/projects/second-thought/models/epoch3/t5-small-paradetox,2026-09-29T19:13:02.987089+00:00
input_004,Who the hell sent the boxes to 47 Willow Lane? They were supposed to go to 92 Cedar Court.,Who sent the boxes to 47 Willow Lane? They were supposed to go to 92 Cedar Court.,0.97191,0.156875,0.000913,0.155962,0.994183,2,2,1.0,0,0,True,[],[],0.9375,0.0526,0.9,False,1.0,143.11,26,21,local-t5:/Users/ayman/projects/second-thought/models/epoch3/t5-small-paradetox,2026-09-29T19:13:03.130338+00:00
input_005,This lazy crap has cost us 2 hours already. Restart the scanner and call Priya if it fails again.,This has cost us 2 hours already. Restart the scanner and call Priya if it fails again.,0.95418,0.858771,0.001629,0.857142,0.998103,1,1,1.0,0,0,True,[],[],0.8947,0.0543,0.8969,False,1.0,156.14,28,23,local-t5:/Users/ayman/projects/second-thought/models/epoch3/t5-small-paradetox,2026-09-29T19:13:03.286628+00:00
input_006,"Alex, did you pull that 15% discount out of your ass? We agreed on 10%, so fix the quote.","Alex, did you pull that 15% discount out of your mind? We agreed on 10%, so fix the quote.",0.98245,0.908549,0.001543,0.907006,0.998302,2,2,1.0,0,0,True,[],[],0.9,0.0391,1.0112,False,1.0,163.61,28,24,local-t5:/Users/ayman/projects/second-thought/models/epoch3/t5-small-paradetox,2026-09-29T19:13:03.450403+00:00
input_007,Your stupid spreadsheet lists 32 chairs when we only ordered 23. Check it before blaming the supplier.,Your spreadsheet lists 32 chairs when we only ordered 23. Check it before blaming the supplier.,0.973904,0.977226,0.000886,0.97634,0.999093,1,1,1.0,0,0,True,[],[],0.9412,0.0355,0.9314,False,1.0,150.6,26,22,local-t5:/Users/ayman/projects/second-thought/models/epoch3/t5-small-paradetox,2026-09-29T19:13:03.601133+00:00
input_008,Stop being such a jerk to Nina. She's covering 3 shifts this week because you bailed.,Stop being rude to Nina. She's covering 3 shifts this week because you bailed.,0.962747,0.931971,0.048862,0.883109,0.947571,1,1,1.0,0,0,True,[],[],0.7647,0.0675,0.9176,False,1.0,163.95,31,23,local-t5:/Users/ayman/projects/second-thought/models/epoch3/t5-small-paradetox,2026-09-29T19:13:03.765219+00:00
input_009,I don't care about your pathetic excuses. Refund the $79.50 charge to Jordan today.,I don't care about your excuses. Refund the $79.50 charge to Jordan today.,0.98067,0.717233,0.049917,0.667316,0.930404,2,2,1.0,0,0,True,[],[],0.9333,0.0573,0.8916,False,1.0,150.17,27,22,local-t5:/Users/ayman/projects/second-thought/models/epoch3/t5-small-paradetox,2026-09-29T19:13:03.915525+00:00
input_010,What kind of moron schedules a delivery for 7 AM when the warehouse opens at 9 AM? Call them back.,What kind of person schedules a delivery for 7 AM when the warehouse opens at 9 AM? Call them back.,0.938966,0.747727,0.0015,0.746227,0.997994,2,2,1.0,0,0,True,[],[],0.9,0.0254,1.0102,False,1.0,170.57,29,25,local-t5:/Users/ayman/projects/second-thought/models/epoch3/t5-small-paradetox,2026-09-29T19:13:04.086249+00:00
input_011,"Sam, your presentation was a complete shitshow. Cut it to 8 slides and fix the sales figures.","Sam, your presentation was a complete show. Cut it to 8 slides and fix the sales figures.",0.959082,0.621793,0.001285,0.620508,0.997934,1,1,1.0,0,0,True,[],[],0.8889,0.022,0.957,False,1.0,162.8,28,22,local-t5:/Users/ayman/projects/second-thought/models/epoch3/t5-small-paradetox,2026-09-29T19:13:04.249202+00:00
input_012,"You've screwed up the address again. It's 160 Maple Avenue, Suite 12, not Suite 21.","You've screwed up the address again. It's 160 Maple Avenue, Suite 12, not Suite 21.",1.0,0.001735,0.001735,0.0,0.0,2,2,1.0,0,0,True,[],[],1.0,0.0,1.0,True,1.0,176.76,28,25,local-t5:/Users/ayman/projects/second-thought/models/epoch3/t5-small-paradetox,2026-09-29T19:13:04.426082+00:00
input_013,I'm not cleaning up your damn mess for the fourth time. Send Omar the corrected file by noon.,I'm not cleaning up your mess for the fourth time. Send Omar the corrected file by noon.,0.988978,0.619068,0.00351,0.615558,0.994331,2,2,1.0,0,0,True,[],[],0.9412,0.0276,0.9462,False,1.0,156.25,27,23,local-t5:/Users/ayman/projects/second-thought/models/epoch3/t5-small-paradetox,2026-09-29T19:13:04.582471+00:00
input_014,This useless update made the page take 12 seconds to load. Roll it back before the demo.,This update made the page take 12 seconds to load. Roll it back before the demo.,0.954921,0.048507,0.001099,0.047408,0.977352,1,1,1.0,0,0,True,[],[],0.9375,0.0476,0.9091,False,1.0,134.66,23,19,local-t5:/Users/ayman/projects/second-thought/models/epoch3/t5-small-paradetox,2026-09-29T19:13:04.717255+00:00
input_015,"Leah, stop talking out of your ass. We have 4 people available, not 9.","Leah, stop talking out of your mind. We have 4 people available, not 9.",0.973553,0.98826,0.02146,0.966799,0.978285,1,1,1.0,0,0,True,[],[],0.8667,0.0496,1.0143,False,1.0,134.45,24,20,local-t5:/Users/ayman/projects/second-thought/models/epoch3/t5-small-paradetox,2026-09-29T19:13:04.851823+00:00
input_016,Why the hell are there 25 missing badges? Ask Marcus to check the cabinet in room 310.,Why are there 25 missing badges? Ask Marcus to check the cabinet in room 310.,0.992963,0.101415,0.00067,0.100745,0.993395,1,1,1.0,0,0,True,[],[],0.9375,0.0552,0.8953,False,1.0,135.09,25,20,local-t5:/Users/ayman/projects/second-thought/models/epoch3/t5-small-paradetox,2026-09-29T19:13:04.987037+00:00
input_017,"Your careless packing is ridiculous. Put 2 kg of ice in each cooler, not 200 g.","Your careless packing is ridiculous. Put 2 kg of ice in each cooler, not 200 g.",1.0,0.472975,0.472975,0.0,0.0,2,2,1.0,0,0,True,[],[],1.0,0.0,1.0,True,1.0,177.52,26,23,local-t5:/Users/ayman/projects/second-thought/models/epoch3/t5-small-paradetox,2026-09-29T19:13:05.164694+00:00
input_018,"I told you twice, Ben, stop being an idiot and use order 8472. Order 8427 was canceled.","I told you twice, Ben, stop being rude and use order 8472. Order 8427 was canceled.",0.979848,0.943902,0.021749,0.922153,0.976958,2,2,1.0,0,0,True,[],[],0.8235,0.0588,0.954,False,1.0,199.82,30,26,local-t5:/Users/ayman/projects/second-thought/models/epoch3/t5-small-paradetox,2026-09-29T19:13:05.364669+00:00
input_019,"That report is garbage. The defect rate went from 2.5% to 4%, and you somehow called that an improvement.","That report is bad. The defect rate went from 2.5% to 4%, and you somehow called that an improvement.",0.989572,0.276661,0.000844,0.275817,0.99695,2,2,1.0,0,0,True,[],[],0.9,0.0291,0.9619,False,1.0,178.08,28,25,local-t5:/Users/ayman/projects/second-thought/models/epoch3/t5-small-paradetox,2026-09-29T19:13:05.542895+00:00
input_020,"You left the customer waiting for 45 minutes, you absolute clown. Call Elena and apologize.",You left the customer waiting for 45 minutes. Call Elena and apologize.,0.979603,0.45972,0.00071,0.45901,0.998456,1,1,1.0,0,0,True,[],[],0.8571,0.1235,0.7802,False,1.0,101.49,22,15,local-t5:/Users/ayman/projects/second-thought/models/epoch3/t5-small-paradetox,2026-09-29T19:13:05.644510+00:00
input_021,"Quit screwing around with the schedule. Luis starts at 8:30, and Erin takes over at 12:30.","Quit messing around with the schedule. Luis starts at 8:30, and Erin takes over at 12:30.",0.997958,0.005489,0.000838,0.004651,0.847356,2,2,1.0,0,0,True,[],[],0.8824,0.0391,0.9889,False,1.0,169.06,28,25,local-t5:/Users/ayman/projects/second-thought/models/epoch3/t5-small-paradetox,2026-09-29T19:13:05.813712+00:00
input_022,This is such sloppy crap. Send the 14 replacement cables to 83 Birch Street by Thursday.,Send the 14 replacement cables to 83 Birch Street by Thursday.,0.896828,0.870295,0.000908,0.869387,0.998956,3,3,1.0,0,0,True,[],[],0.6875,0.1733,0.7045,False,1.0,135.17,26,15,local-t5:/Users/ayman/projects/second-thought/models/epoch3/t5-small-paradetox,2026-09-29T19:13:05.948994+00:00
input_023,"Rachel, your budget is a joke. We approved $600 for travel, not $900.","Rachel, your budget is a joke. We approved $600 for travel, not $900.",1.0,0.021811,0.021811,0.0,0.0,2,2,1.0,0,0,True,[],[],1.0,0.0,1.0,True,1.0,141.63,24,21,local-t5:/Users/ayman/projects/second-thought/models/epoch3/t5-small-paradetox,2026-09-29T19:13:06.090744+00:00
input_024,How the hell did you book 11 rooms for 7 guests? Cancel the extras and tell Theo what happened.,How did you book 11 rooms for 7 guests? Cancel the extras and tell Theo what happened.,0.985317,0.231912,0.000909,0.231003,0.99608,2,2,1.0,0,0,True,[],[],0.9444,0.0497,0.9053,False,1.0,155.24,28,23,local-t5:/Users/ayman/projects/second-thought/models/epoch3/t5-small-paradetox,2026-09-29T19:13:06.246119+00:00
input_025,You've made a bloody mess of the labels. Mark the cartons 5 kg each and leave them at loading bay 2.,You've made a mess of the labels. Mark the cartons 5 kg each and leave them at loading bay 2.,0.985227,0.05373,0.000748,0.052981,0.986072,1,1,1.0,0,0,True,[],[],0.95,0.0363,0.93,False,1.0,177.76,31,26,local-t5:/Users/ayman/projects/second-thought/models/epoch3/t5-small-paradetox,2026-09-29T19:13:06.424027+00:00
input_026,"I can't believe this crap, Aisha. You promised the draft on May 6, and now you're saying May 16.","I can't believe this, Aisha. You promised the draft on May 6, and now you're saying May 16.",0.996026,0.806479,0.000775,0.805704,0.999039,2,2,1.0,0,0,True,[],[],0.9444,0.0267,0.9479,False,1.0,183.28,31,27,local-t5:/Users/ayman/projects/second-thought/models/epoch3/t5-small-paradetox,2026-09-29T19:13:06.607454+00:00
input_027,Stop acting like a smug know-it-all and actually read the customer's complaint.,Stop acting like a know-it-all and actually read the customer's complaint.,0.970823,0.585205,0.466711,0.118493,0.202482,0,0,1.0,0,0,True,[],[],0.9286,0.0327,0.9367,False,1.0,135.13,26,20,local-t5:/Users/ayman/projects/second-thought/models/epoch3/t5-small-paradetox,2026-09-29T19:13:06.742707+00:00
input_028,Your handover notes are useless garbage. Tell me what's broken and who's supposed to fix it.,Your handover notes are useless. Tell me what's broken and who's supposed to fix it.,0.98432,0.89952,0.12645,0.77307,0.859425,0,0,1.0,0,0,True,[],[],0.9375,0.0455,0.913,False,1.0,155.81,27,23,local-t5:/Users/ayman/projects/second-thought/models/epoch3/t5-small-paradetox,2026-09-29T19:13:06.898655+00:00
input_029,Don't dump your unfinished crap on me and then disappear when I ask questions.,Don't dump your unfinished stuff on me and then disappear when I ask questions.,0.954206,0.944946,0.035704,0.909242,0.962216,0,0,1.0,0,0,True,[],[],0.8667,0.0573,1.0128,False,1.0,128.82,22,19,local-t5:/Users/ayman/projects/second-thought/models/epoch3/t5-small-paradetox,2026-09-29T19:13:07.027591+00:00
input_030,"That was a nasty, stupid thing to say in the meeting. Apologize to Sofia.",That was a bad thing to say in the meeting. Apologize to Sofia.,0.972357,0.724391,0.00062,0.72377,0.999143,0,0,1.0,0,0,True,[],[],0.7857,0.0882,0.863,False,1.0,127.79,24,19,local-t5:/Users/ayman/projects/second-thought/models/epoch3/t5-small-paradetox,2026-09-29T19:13:07.155503+00:00
input_031,I'm tired of your lazy half-assed answers. Explain why the test failed instead of waving it away.,I'm tired of your answers. Explain why the test failed instead of waving it away.,0.943784,0.825118,0.002126,0.822993,0.997424,0,0,1.0,0,0,True,[],[],0.8235,0.0899,0.8351,False,1.0,141.37,29,21,local-t5:/Users/ayman/projects/second-thought/models/epoch3/t5-small-paradetox,2026-09-29T19:13:07.297006+00:00
input_032,You're being a complete asshole about this. Let the new hire finish speaking.,Let the new hire finish speaking.,0.784157,0.985733,0.000839,0.984894,0.999149,0,0,1.0,0,0,True,[],[],0.4615,0.4,0.4286,False,1.0,107.92,24,8,local-t5:/Users/ayman/projects/second-thought/models/epoch3/t5-small-paradetox,2026-09-29T19:13:07.405015+00:00
input_033,"This design is ugly as hell, and the tiny labels are impossible to read. Make them clearer.",This design is ugly and the tiny labels are impossible to read. Make them clearer.,0.989703,0.471235,0.052331,0.418904,0.88895,0,0,1.0,0,0,True,[],[],0.8824,0.052,0.9011,False,1.0,142.71,25,19,local-t5:/Users/ayman/projects/second-thought/models/epoch3/t5-small-paradetox,2026-09-29T19:13:07.547853+00:00
input_034,Quit whining and blaming everyone else for your screwup. Tell us how you're going to fix it.,Quit whining and blaming everyone else for your screwup. Tell us how you're going to fix it.,1.0,0.494813,0.494813,0.0,0.0,0,0,1.0,0,0,True,[],[],1.0,0.0,1.0,True,1.0,198.51,32,29,local-t5:/Users/ayman/projects/second-thought/models/epoch3/t5-small-paradetox,2026-09-29T19:13:07.746501+00:00
input_035,What a ridiculous pile of nonsense. Remove the made-up claims from the proposal before it goes out.,Remove the made-up claims from the proposal before it goes out.,0.842733,0.7528,0.000812,0.751987,0.998921,0,0,1.0,0,0,True,[],[],0.6471,0.2222,0.6364,False,1.0,101.44,27,15,local-t5:/Users/ayman/projects/second-thought/models/epoch3/t5-small-paradetox,2026-09-29T19:13:07.848056+00:00
